Name,Date of Birth,Date of Death,City,Bio,Networth
Alexis Ashley,"Mon, 17th, 1989 - 02 : 04 : 13","Tue, 17th, 2013 - 08 : 09 : 15",Turrialba,"eget metus eu erat semper rutrum. Fusce dolor quam, elementum at, egestas a, scelerisque sed, sapien. Nunc pulvinar arcu et pede.","136,895€"
Bo Boyd,"Mon, 4th, 1985 - 09 : 11 : 02","Sat, 29th, 1994 - 09 : 10 : 30",Pisa,"amet lorem semper auctor. Mauris vel turpis. Aliquam adipiscing lobortis risus. In mi pede, nonummy ut, molestie in, tempus eu, ligula.","164,772€"
Darius Green,"Tue, 23rd, 1977 - 04 : 08 : 51","Wed, 23rd, 2014 - 10 : 07 : 05",Rahimyar Khan,"ipsum dolor sit amet, consectetuer adipiscing elit. Aliquam auctor, velit eget laoreet posuere, enim nisl elementum purus, accumsan interdum libero dui","6,037€"
Madeline Diaz,"Fri, 18th, 1980 - 05 : 07 : 30","Sun, 23rd, 2002 - 11 : 06 : 02",Leiden,ac orci. Ut semper pretium neque. Morbi quis urna. Nunc quis arcu vel quam dignissim pharetra. Nam,"23,849€"
Alfonso Watkins,"Thu, 22nd, 1999 - 06 : 04 : 09","Thu, 28th, 2003 - 03 : 08 : 36",Issy-les-Moulineaux,"sed sem egestas blandit. Nam nulla magna, malesuada vel, convallis in, cursus et, eros.","40,803€"
Maggie Trujillo,"Thu, 28th, 1993 - 01 : 01 : 00","Sat, 9th, 2020 - 10 : 05 : 23",Lille,"torquent per conubia nostra, per inceptos hymenaeos. Mauris ut quam vel sapien imperdiet ornare. In faucibus. Morbi vehicula. Pellentesque tincidunt tempus","182,695€"
Stephanie Vaughan,"Sat, 28th, 1981 - 10 : 02 : 37","Tue, 20th, 1994 - 01 : 09 : 10",Whithorn,"luctus, ipsum leo elementum sem, vitae aliquam eros turpis non enim. Mauris quis turpis","35,613€"
Myles Howell,"Sun, 16th, 1986 - 06 : 11 : 28","Fri, 19th, 2021 - 03 : 03 : 31",Raigarh,"dapibus rutrum, justo. Praesent luctus. Curabitur egestas nunc sed libero. Proin sed turpis nec mauris blandit mattis. Cras eget","183,557€"
Jaquelyn Hull,"Sun, 24th, 2002 - 03 : 02 : 41","Wed, 15th, 2023 - 08 : 02 : 27",Gorontalo,nunc interdum feugiat. Sed nec metus facilisis lorem tristique aliquet. Phasellus fermentum,"130,367€"
Odysseus Herman,"Mon, 22nd, 1997 - 12 : 09 : 39","Fri, 15th, 1999 - 06 : 01 : 38",Stirling,sapien molestie orci tincidunt adipiscing. Mauris molestie pharetra nibh. Aliquam,"182,196€"
Paki Day,"Tue, 9th, 1999 - 05 : 11 : 17","Tue, 9th, 2014 - 08 : 09 : 15",Carleton,interdum. Curabitur dictum. Phasellus in felis. Nulla tempor augue ac ipsum. Phasellus vitae mauris sit amet lorem,"96,188€"
Zachary Chavez,"Wed, 3rd, 1990 - 12 : 10 : 40","Mon, 30th, 2015 - 02 : 11 : 08",Pekanbaru,"sem, vitae aliquam eros turpis non enim. Mauris quis turpis vitae purus gravida sagittis. Duis gravida. Praesent","14,665€"
Cedric Barton,"Mon, 28th, 1984 - 01 : 05 : 06","Tue, 12th, 2028 - 10 : 09 : 07",Algarrobo,"sed, sapien. Nunc pulvinar arcu et pede. Nunc sed orci lobortis augue scelerisque mollis. Phasellus libero mauris, aliquam eu, accumsan sed, facilisis vitae, orci. Phasellus dapibus quam quis diam.","28,374€"
Amy Dixon,"Sun, 2nd, 1990 - 08 : 12 : 54","Tue, 15th, 2017 - 09 : 08 : 49",Tione di Trento,"arcu imperdiet ullamcorper. Duis at lacus. Quisque purus sapien, gravida","23,909€"
Christen Madden,"Sun, 8th, 1985 - 06 : 12 : 59","Mon, 20th, 2016 - 09 : 06 : 34",Mores,"metus. Vivamus euismod urna. Nullam lobortis quam a felis ullamcorper viverra. Maecenas iaculis aliquet diam. Sed diam lorem, auctor quis, tristique ac, eleifend vitae, erat. Vivamus nisi.","198,081€"
Rooney Harris,"Wed, 12th, 1997 - 02 : 02 : 17","Wed, 14th, 2005 - 04 : 12 : 37",Monte San Giovanni in Sabina,"rhoncus. Proin nisl sem, consequat nec, mollis vitae, posuere at, velit. Cras lorem lorem, luctus ut, pellentesque eget,","30,922€"
Hayes Church,"Tue, 11th, 1994 - 02 : 01 : 01","Sat, 4th, 1992 - 08 : 07 : 46",Hody,"sem, consequat nec, mollis vitae, posuere at, velit. Cras lorem lorem, luctus ut, pellentesque eget, dictum placerat, augue. Sed molestie. Sed","120,072€"
Anthony Love,"Wed, 15th, 1997 - 08 : 01 : 56","Sat, 12th, 2009 - 03 : 12 : 24",Liers,"viverra. Maecenas iaculis aliquet diam. Sed diam lorem, auctor quis, tristique ac, eleifend vitae, erat. Vivamus nisi.","136,835€"
Damon Hart,"Thu, 20th, 1989 - 06 : 07 : 04","Tue, 21st, 2015 - 10 : 07 : 40",Pachuca,"urna et arcu imperdiet ullamcorper. Duis at lacus. Quisque purus sapien, gravida non, sollicitudin a, malesuada","48,399€"
Xantha Cardenas,"Fri, 18th, 2000 - 09 : 08 : 55","Tue, 28th, 2026 - 12 : 04 : 07",Columbia,at arcu. Vestibulum ante ipsum primis in faucibus orci luctus et ultrices posuere cubilia Curae; Donec tincidunt. Donec vitae erat vel pede blandit congue. In,"151,113€"
Rosalyn Casey,"Fri, 20th, 1976 - 11 : 02 : 37","Mon, 21st, 2030 - 02 : 01 : 41",Sunset Point,"fermentum convallis ligula. Donec luctus aliquet odio. Etiam ligula tortor, dictum","146,335€"
Kennan Flores,"Sat, 17th, 1989 - 12 : 06 : 14","Fri, 9th, 2001 - 08 : 03 : 13",Bossire,"Quisque tincidunt pede ac urna. Ut tincidunt vehicula risus. Nulla eget metus eu erat semper rutrum. Fusce dolor quam, elementum at, egestas","187,739€"
Macaulay Day,"Thu, 2nd, 1978 - 05 : 03 : 25","Sun, 20th, 1992 - 02 : 09 : 48",Green Bay,urna suscipit nonummy. Fusce fermentum fermentum arcu. Vestibulum ante ipsum primis in faucibus orci luctus et,"174,876€"
Nichole Cervantes,"Tue, 29th, 2000 - 01 : 08 : 25","Wed, 7th, 2011 - 10 : 12 : 53",Pietragalla,"commodo at, libero. Morbi accumsan laoreet ipsum. Curabitur consequat, lectus sit amet luctus vulputate, nisi","65,454€"
Baxter Garrett,"Sun, 11th, 1997 - 12 : 05 : 48","Sun, 16th, 2007 - 12 : 09 : 12",Pastena,"elit, dictum eu, eleifend nec, malesuada ut, sem. Nulla interdum. Curabitur dictum. Phasellus in felis. Nulla tempor augue ac ipsum. Phasellus vitae","10,017€"
Sawyer Hernandez,"Sun, 21st, 1978 - 09 : 05 : 34","Fri, 23rd, 2007 - 06 : 03 : 41",Grande Prairie,morbi tristique senectus et netus et malesuada fames ac turpis egestas. Aliquam fringilla cursus,"107,274€"
Valentine Juarez,"Sun, 13th, 1993 - 05 : 06 : 52","Sun, 29th, 2008 - 02 : 06 : 06",Morelia,"vehicula aliquet libero. Integer in magna. Phasellus dolor elit, pellentesque a, facilisis non, bibendum sed, est. Nunc laoreet lectus","40,328€"
Elijah Justice,"Sun, 14th, 2002 - 12 : 07 : 54","Sat, 13th, 2010 - 09 : 11 : 54",San Juan de Pasto,"metus facilisis lorem tristique aliquet. Phasellus fermentum convallis ligula. Donec luctus aliquet odio. Etiam ligula tortor,","156,933€"
Joshua Freeman,"Sat, 24th, 1997 - 10 : 05 : 12","Mon, 10th, 2001 - 09 : 09 : 43",Galashiels,vitae dolor. Donec fringilla. Donec feugiat metus sit amet ante. Vivamus non lorem vitae odio sagittis semper. Nam tempor diam dictum sapien. Aenean massa. Integer vitae nibh. Donec,"73,838€"
Maia Crawford,"Mon, 4th, 1985 - 09 : 03 : 06","Wed, 29th, 2017 - 11 : 03 : 23",Camarones,"et magnis dis parturient montes, nascetur ridiculus mus. Aenean eget magna. Suspendisse tristique neque venenatis lacus. Etiam bibendum fermentum metus. Aenean sed pede nec ante blandit viverra. Donec tempus,","107,256€"
Hu Garrett,"Wed, 13th, 1991 - 07 : 11 : 03","Mon, 10th, 2008 - 05 : 11 : 27",Daknam,Aliquam rutrum lorem ac risus. Morbi metus. Vivamus euismod urna. Nullam lobortis quam a felis ullamcorper,"151,497€"
Ronan Kerr,"Wed, 8th, 1987 - 02 : 07 : 27","Sat, 15th, 2014 - 10 : 03 : 19",Santarcangelo di Romagna,"nunc nulla vulputate dui, nec tempus mauris erat eget ipsum. Suspendisse sagittis. Nullam vitae","36,578€"
Maisie Burnett,"Thu, 19th, 1991 - 06 : 09 : 51","Mon, 15th, 2024 - 03 : 01 : 30",Limache,"dictum cursus. Nunc mauris elit, dictum eu, eleifend nec, malesuada ut, sem. Nulla interdum. Curabitur dictum. Phasellus in felis. Nulla tempor augue ac ipsum. Phasellus","42,515€"
Henry Fuentes,"Fri, 17th, 1990 - 09 : 08 : 10","Thu, 19th, 2021 - 04 : 08 : 59",Alès,"pede, nonummy ut, molestie in, tempus eu, ligula. Aenean euismod mauris eu elit. Nulla facilisi. Sed neque. Sed","145,394€"
Brenda Hopper,"Thu, 8th, 2000 - 11 : 06 : 51","Tue, 28th, 1995 - 09 : 03 : 08",Çarşamba,"tristique pellentesque, tellus sem mollis dui, in sodales elit erat vitae risus. Duis a mi fringilla mi lacinia mattis. Integer eu","116,464€"
Zachary Cherry,"Fri, 3rd, 1988 - 04 : 06 : 54","Thu, 11th, 1993 - 06 : 03 : 14",Baranello,"luctus et ultrices posuere cubilia Curae; Phasellus ornare. Fusce mollis. Duis sit amet diam eu dolor egestas rhoncus. Proin nisl sem, consequat nec,","56,356€"
Eagan Velasquez,"Tue, 10th, 1987 - 06 : 03 : 48","Wed, 20th, 2024 - 11 : 03 : 39",Milena,nec quam. Curabitur vel lectus. Cum sociis natoque penatibus et,"104,935€"
Chanda Rutledge,"Tue, 29th, 1981 - 08 : 12 : 32","Fri, 6th, 2026 - 09 : 03 : 00",Canora,"luctus ut, pellentesque eget, dictum placerat, augue. Sed molestie. Sed id risus quis diam luctus lobortis. Class aptent taciti sociosqu ad litora torquent","171,326€"
Josephine Mcgowan,"Thu, 1st, 1976 - 07 : 04 : 10","Thu, 2nd, 1998 - 04 : 04 : 12",San Marcos,"est, vitae sodales nisi magna sed dui. Fusce aliquam, enim nec","106,194€"
Leilani Maddox,"Sun, 30th, 1981 - 01 : 08 : 07","Thu, 29th, 2001 - 12 : 03 : 25",Huacho,"Fusce aliquam, enim nec tempus scelerisque, lorem ipsum sodales purus, in molestie tortor nibh sit amet orci. Ut sagittis lobortis mauris. Suspendisse aliquet molestie tellus. Aenean egestas hendrerit","111,096€"
Melvin Mcfarland,"Thu, 28th, 1989 - 02 : 12 : 22","Tue, 24th, 2025 - 05 : 06 : 19",San Leucio del Sannio,"lorem. Donec elementum, lorem ut aliquam iaculis, lacus pede sagittis augue, eu tempor erat neque non quam. Pellentesque habitant morbi tristique senectus et netus et","22,946€"
Thor Hurley,"Wed, 12th, 2003 - 10 : 03 : 31","Sun, 14th, 1999 - 04 : 02 : 31",Firenze,"aliquam eu, accumsan sed, facilisis vitae, orci. Phasellus dapibus quam quis diam. Pellentesque habitant morbi tristique senectus et netus et malesuada fames ac turpis egestas. Fusce aliquet magna a neque.","13,803€"
Hollee Clayton,"Tue, 16th, 1987 - 09 : 06 : 50","Sun, 10th, 2002 - 10 : 11 : 56",Neuruppin,"Etiam imperdiet dictum magna. Ut tincidunt orci quis lectus. Nullam suscipit, est ac facilisis facilisis, magna tellus faucibus","163,096€"
Nora Weiss,"Fri, 7th, 1999 - 12 : 05 : 00","Tue, 3rd, 2012 - 11 : 04 : 17",Muno,magna a tortor. Nunc commodo auctor velit. Aliquam nisl. Nulla eu,"7,972€"
Seth Oneil,"Thu, 12th, 1974 - 11 : 12 : 40","Sat, 19th, 2029 - 06 : 05 : 46",High Level,rutrum magna. Cras convallis convallis dolor. Quisque tincidunt pede ac urna. Ut tincidunt vehicula risus. Nulla eget,"85,134€"
Kiayada Aguilar,"Wed, 3rd, 1999 - 05 : 02 : 09","Wed, 3rd, 1997 - 08 : 09 : 11",Moga,"non enim commodo hendrerit. Donec porttitor tellus non magna. Nam ligula elit, pretium et, rutrum","153,310€"
Wyoming Maxwell,"Fri, 19th, 1973 - 06 : 10 : 04","Mon, 13th, 2025 - 10 : 10 : 13",Heinsch,"luctus ut, pellentesque eget, dictum placerat, augue. Sed molestie. Sed id risus quis diam luctus lobortis. Class","99,020€"
Maxwell Wiley,"Sat, 24th, 1993 - 05 : 04 : 49","Sat, 13th, 2027 - 08 : 11 : 37",Guirsch,"a, scelerisque sed, sapien. Nunc pulvinar arcu et pede. Nunc sed","99,512€"
Isaac Dotson,"Sat, 25th, 2000 - 04 : 11 : 48","Fri, 29th, 1994 - 04 : 04 : 51",Milford Haven,cursus vestibulum. Mauris magna. Duis dignissim tempor arcu. Vestibulum ut eros non enim commodo hendrerit. Donec porttitor tellus,"105,806€"
Caleb Arnold,"Sun, 20th, 2003 - 09 : 04 : 18","Sun, 6th, 2013 - 12 : 10 : 01",Stewart,"tristique pellentesque, tellus sem mollis dui, in sodales elit erat vitae risus. Duis a mi fringilla mi lacinia mattis. Integer eu lacus. Quisque","68,648€"
Kibo Baird,"Thu, 18th, 1980 - 06 : 09 : 03","Fri, 14th, 2011 - 12 : 01 : 22",GomzŽ-Andoumont,Quisque varius. Nam porttitor scelerisque neque. Nullam nisl. Maecenas malesuada fringilla est. Mauris,"129,588€"
Anika Hyde,"Tue, 12th, 1999 - 05 : 10 : 30","Wed, 19th, 2023 - 12 : 04 : 18",Tejar,Praesent luctus. Curabitur egestas nunc sed libero. Proin sed turpis nec mauris blandit mattis. Cras eget nisi dictum augue malesuada,"106,174€"
Wilma Hopkins,"Thu, 4th, 1991 - 05 : 04 : 06","Mon, 28th, 1996 - 12 : 10 : 22",Neuruppin,"libero. Integer in magna. Phasellus dolor elit, pellentesque a, facilisis non, bibendum sed, est. Nunc laoreet lectus quis massa. Mauris vestibulum, neque sed","9,311€"
Dustin Osborn,"Sun, 23rd, 1982 - 12 : 05 : 21","Mon, 13th, 2014 - 07 : 01 : 52",Mülheim,"dolor, tempus non, lacinia at, iaculis quis, pede. Praesent eu dui. Cum sociis natoque penatibus et magnis dis parturient montes, nascetur ridiculus mus. Aenean eget magna. Suspendisse tristique neque venenatis","130,188€"
Cooper Walsh,"Sat, 3rd, 1996 - 07 : 02 : 11","Mon, 30th, 2002 - 02 : 09 : 44",Tirúa,"sodales nisi magna sed dui. Fusce aliquam, enim nec tempus scelerisque, lorem ipsum sodales purus, in molestie tortor nibh sit amet orci.","149,628€"
Hu Benson,"Tue, 9th, 1983 - 03 : 08 : 58","Tue, 12th, 2017 - 04 : 09 : 30",Redruth,"eget, ipsum. Donec sollicitudin adipiscing ligula. Aenean gravida nunc sed pede. Cum sociis natoque","44,394€"
Blythe Moss,"Tue, 31st, 1973 - 06 : 07 : 32","Sun, 1st, 2027 - 02 : 08 : 59",Vigo,"augue ut lacus. Nulla tincidunt, neque vitae semper egestas, urna justo faucibus lectus,","125,974€"
Brandon Shelton,"Fri, 2nd, 2000 - 03 : 06 : 18","Tue, 7th, 2007 - 12 : 08 : 14",Sargodha,primis in faucibus orci luctus et ultrices posuere cubilia Curae; Phasellus ornare. Fusce mollis.,"169,487€"
Hakeem Pickett,"Tue, 23rd, 1980 - 10 : 09 : 51","Fri, 8th, 2014 - 11 : 08 : 36",Manizales,"a, malesuada id, erat. Etiam vestibulum massa rutrum magna. Cras convallis convallis dolor. Quisque tincidunt pede ac urna. Ut tincidunt vehicula risus. Nulla eget metus eu erat semper","105,774€"
Summer Cameron,"Fri, 3rd, 1997 - 03 : 01 : 00","Tue, 12th, 2021 - 11 : 10 : 53",Gilgit,"interdum ligula eu enim. Etiam imperdiet dictum magna. Ut tincidunt orci quis lectus. Nullam suscipit, est ac facilisis facilisis, magna tellus","16,720€"
Amela Hewitt,"Thu, 1st, 1978 - 09 : 06 : 46","Fri, 3rd, 2010 - 07 : 09 : 21",Eckville,malesuada fames ac turpis egestas. Fusce aliquet magna a neque. Nullam ut nisi a,"71,402€"
Wynter Abbott,"Mon, 22nd, 1982 - 02 : 11 : 27","Thu, 12th, 2000 - 12 : 10 : 35",Sicuani,nisi dictum augue malesuada malesuada. Integer id magna et ipsum cursus vestibulum. Mauris,"116,927€"
Xanthus Harris,"Fri, 4th, 1993 - 12 : 06 : 22","Sat, 9th, 1999 - 10 : 10 : 41",Armidale,"dis parturient montes, nascetur ridiculus mus. Aenean eget magna. Suspendisse tristique neque venenatis lacus. Etiam bibendum fermentum metus. Aenean sed pede nec ante blandit viverra. Donec tempus,","26,454€"
Bianca Sexton,"Thu, 1st, 1986 - 11 : 05 : 30","Tue, 7th, 1999 - 07 : 12 : 20",Armo,"sit amet, dapibus id, blandit at, nisi. Cum sociis natoque penatibus et magnis dis parturient montes, nascetur ridiculus mus. Proin vel nisl. Quisque fringilla","193,192€"
Xenos Jenkins,"Fri, 25th, 1988 - 01 : 03 : 13","Tue, 24th, 2009 - 06 : 02 : 59",Workum,Phasellus dapibus quam quis diam. Pellentesque habitant morbi tristique senectus et netus,"42,279€"
Solomon Whitaker,"Mon, 2nd, 1973 - 12 : 07 : 25","Fri, 23rd, 2022 - 08 : 09 : 03",Dörtyol,"eu, placerat eget, venenatis a, magna. Lorem ipsum dolor sit amet, consectetuer adipiscing elit. Etiam laoreet, libero et tristique pellentesque, tellus sem","132,909€"
Arthur George,"Mon, 3rd, 1994 - 05 : 10 : 14","Wed, 18th, 2017 - 11 : 10 : 48",Moga,"ut dolor dapibus gravida. Aliquam tincidunt, nunc ac mattis ornare, lectus ante dictum mi, ac mattis velit justo nec ante.","130,230€"
Colleen Luna,"Thu, 10th, 2000 - 12 : 02 : 35","Sat, 24th, 2026 - 08 : 01 : 33",Inuvik,diam. Pellentesque habitant morbi tristique senectus et netus et malesuada fames ac turpis egestas. Fusce aliquet magna a neque. Nullam ut nisi a odio semper cursus. Integer mollis.,"47,814€"
Brynne Santana,"Wed, 19th, 1991 - 07 : 06 : 31","Wed, 7th, 1993 - 02 : 04 : 26",Taldom,"nunc nulla vulputate dui, nec tempus mauris erat eget ipsum. Suspendisse sagittis. Nullam vitae diam. Proin dolor. Nulla semper tellus id nunc interdum feugiat. Sed nec metus facilisis","146,145€"
Fatima Delacruz,"Sun, 14th, 1976 - 04 : 03 : 38","Sat, 29th, 1999 - 04 : 05 : 39",Duluth,"Cras dictum ultricies ligula. Nullam enim. Sed nulla ante, iaculis nec, eleifend non, dapibus rutrum, justo. Praesent luctus. Curabitur egestas nunc","160,920€"
Charity Williams,"Fri, 30th, 1988 - 06 : 12 : 12","Tue, 11th, 2022 - 12 : 10 : 06",Osimo,Nunc mauris. Morbi non sapien molestie orci tincidunt adipiscing. Mauris,"6,804€"
Galvin Sargent,"Thu, 6th, 1982 - 08 : 05 : 20","Fri, 20th, 2020 - 02 : 11 : 12",Uijeongbu,"vulputate dui, nec tempus mauris erat eget ipsum. Suspendisse sagittis. Nullam vitae diam. Proin dolor. Nulla semper tellus","115,788€"
Hop Rowe,"Sat, 20th, 1976 - 08 : 11 : 54","Sun, 26th, 2009 - 09 : 04 : 34",Diano Arentino,"sodales purus, in molestie tortor nibh sit amet orci. Ut sagittis lobortis mauris. Suspendisse aliquet molestie tellus. Aenean egestas hendrerit neque. In ornare sagittis","198,396€"
Shea Ballard,"Wed, 13th, 2002 - 07 : 11 : 48","Sun, 8th, 1995 - 02 : 10 : 53",Salamanca,sem. Nulla interdum. Curabitur dictum. Phasellus in felis. Nulla tempor augue ac ipsum. Phasellus vitae mauris sit amet lorem semper auctor. Mauris vel turpis. Aliquam adipiscing,"189,994€"
Fatima Mullins,"Sun, 23rd, 2000 - 11 : 01 : 24","Sun, 10th, 2008 - 12 : 08 : 28",Urbe,"a, arcu. Sed et libero. Proin mi. Aliquam gravida mauris ut mi. Duis risus odio, auctor vitae, aliquet","11,742€"
Winifred Duran,"Sat, 7th, 1996 - 04 : 12 : 14","Sat, 28th, 2018 - 05 : 04 : 49",Bad Nauheim,per inceptos hymenaeos. Mauris ut quam vel sapien imperdiet ornare. In faucibus. Morbi vehicula. Pellentesque tincidunt tempus risus. Donec egestas. Duis ac arcu. Nunc mauris. Morbi non sapien molestie orci,"86,376€"
Calvin Wagner,"Sat, 26th, 1993 - 08 : 06 : 51","Sun, 8th, 1998 - 01 : 03 : 21",Hines Creek,"lobortis tellus justo sit amet nulla. Donec non justo. Proin non massa non ante bibendum ullamcorper. Duis cursus, diam at pretium aliquet, metus urna","95,243€"
Cailin Barlow,"Fri, 14th, 1981 - 08 : 08 : 47","Fri, 15th, 1995 - 09 : 12 : 12",Ashburton,"et arcu imperdiet ullamcorper. Duis at lacus. Quisque purus sapien, gravida non, sollicitudin a, malesuada id, erat. Etiam vestibulum massa rutrum magna. Cras convallis convallis dolor. Quisque tincidunt","184,046€"
Nelle Mendez,"Mon, 18th, 1995 - 07 : 09 : 54","Mon, 18th, 2009 - 06 : 05 : 50",Plato,"Nullam suscipit, est ac facilisis facilisis, magna tellus faucibus leo, in lobortis tellus justo sit amet nulla.","164,829€"
Anne Roberts,"Sat, 22nd, 1992 - 01 : 08 : 53","Thu, 2nd, 2014 - 03 : 01 : 15",Soverzene,"nisi nibh lacinia orci, consectetuer euismod est arcu ac orci. Ut semper pretium neque. Morbi quis urna. Nunc quis arcu vel quam dignissim pharetra. Nam ac nulla.","180,737€"
Denise Trevino,"Tue, 12th, 1989 - 10 : 12 : 15","Tue, 20th, 2001 - 07 : 03 : 55",Belcarra,ipsum nunc id enim. Curabitur massa. Vestibulum accumsan neque et nunc. Quisque ornare tortor at risus. Nunc ac sem ut dolor dapibus gravida. Aliquam,"137,773€"
Ulric Lamb,"Mon, 19th, 1982 - 08 : 04 : 59","Sat, 1st, 2005 - 05 : 10 : 04",Tiruchirapalli,Quisque ornare tortor at risus. Nunc ac sem ut dolor dapibus,"92,624€"
Paloma Glenn,"Fri, 14th, 1986 - 02 : 11 : 12","Sat, 15th, 2003 - 10 : 03 : 14",Rixensart,Integer tincidunt aliquam arcu. Aliquam ultrices iaculis odio. Nam interdum,"51,236€"
Brennan Hinton,"Tue, 24th, 1995 - 05 : 01 : 52","Fri, 20th, 1994 - 10 : 05 : 09",Merksplas,eu elit. Nulla facilisi. Sed neque. Sed eget lacus. Mauris non dui nec urna suscipit nonummy. Fusce fermentum fermentum arcu. Vestibulum ante ipsum primis in faucibus,"181,255€"
Leigh Wolf,"Fri, 23rd, 1992 - 06 : 10 : 32","Fri, 25th, 2028 - 09 : 02 : 30",Zeya,"montes, nascetur ridiculus mus. Proin vel nisl. Quisque fringilla euismod enim. Etiam gravida molestie arcu. Sed eu nibh vulputate mauris sagittis placerat. Cras dictum ultricies ligula. Nullam enim. Sed","20,654€"
Honorato Kane,"Fri, 18th, 1974 - 11 : 01 : 21","Wed, 15th, 2004 - 08 : 09 : 31",Kirov,"non, sollicitudin a, malesuada id, erat. Etiam vestibulum massa rutrum magna. Cras convallis convallis dolor. Quisque tincidunt pede ac urna. Ut tincidunt","64,098€"
Ifeoma Hart,"Wed, 23rd, 1986 - 12 : 04 : 31","Tue, 27th, 2029 - 05 : 03 : 18",Suxy,"amet nulla. Donec non justo. Proin non massa non ante bibendum ullamcorper. Duis cursus, diam at pretium aliquet, metus urna convallis erat,","15,478€"
Madeson Hubbard,"Sun, 18th, 1998 - 10 : 10 : 39","Sat, 30th, 2028 - 01 : 12 : 18",Riosucio,"Nunc ac sem ut dolor dapibus gravida. Aliquam tincidunt, nunc ac mattis ornare, lectus ante dictum mi, ac mattis velit justo nec ante. Maecenas mi felis, adipiscing","97,842€"
Nevada Andrews,"Sat, 2nd, 1988 - 08 : 04 : 25","Tue, 22nd, 2005 - 01 : 11 : 05",Henderson,"est ac facilisis facilisis, magna tellus faucibus leo, in lobortis tellus justo sit amet nulla. Donec non justo. Proin non massa non","66,369€"
Hayes Yang,"Fri, 26th, 1983 - 06 : 08 : 38","Fri, 13th, 2024 - 02 : 09 : 44",Vänersborg,"dui quis accumsan convallis, ante lectus convallis est, vitae sodales nisi","116,641€"
Graham Calderon,"Fri, 19th, 1984 - 06 : 10 : 17","Sun, 4th, 2021 - 03 : 04 : 42",Mezen,"penatibus et magnis dis parturient montes, nascetur ridiculus mus. Aenean eget magna. Suspendisse tristique neque venenatis lacus. Etiam bibendum fermentum metus. Aenean sed pede nec","110,139€"
Nissim Sparks,"Sat, 27th, 1997 - 04 : 12 : 15","Tue, 26th, 1996 - 08 : 11 : 31",Muzzafarabad,"a, scelerisque sed, sapien. Nunc pulvinar arcu et pede. Nunc sed orci lobortis augue scelerisque mollis. Phasellus libero mauris, aliquam eu, accumsan sed, facilisis vitae, orci.","151,974€"
Calista Mclaughlin,"Wed, 1st, 1975 - 10 : 10 : 02","Mon, 30th, 2012 - 05 : 04 : 13",Castres,"nibh dolor, nonummy ac, feugiat non, lobortis quis, pede. Suspendisse dui. Fusce diam nunc, ullamcorper eu, euismod ac, fermentum vel,","150,505€"
Quon Page,"Sun, 16th, 2002 - 12 : 06 : 21","Sun, 2nd, 2000 - 12 : 07 : 38",Habra,"In mi pede, nonummy ut, molestie in, tempus eu, ligula. Aenean euismod mauris eu elit.","11,262€"
Iona Petersen,"Sat, 5th, 1977 - 09 : 02 : 40","Tue, 11th, 2001 - 11 : 09 : 25",Midnapore,"in, cursus et, eros. Proin ultrices. Duis volutpat nunc sit amet metus. Aliquam erat volutpat. Nulla facilisis.","17,195€"
Serina Holman,"Sun, 18th, 1990 - 12 : 02 : 44","Sun, 14th, 2030 - 12 : 07 : 00",Saint-Eug�ne-de-Ladri�re,"tincidunt. Donec vitae erat vel pede blandit congue. In scelerisque scelerisque dui. Suspendisse ac metus vitae velit egestas lacinia. Sed congue,","99,012€"
Aurelia Frazier,"Wed, 11th, 1992 - 10 : 03 : 49","Tue, 28th, 2025 - 08 : 01 : 06",Fraserburgh,"nulla. Donec non justo. Proin non massa non ante bibendum ullamcorper. Duis cursus, diam at pretium aliquet, metus urna convallis erat, eget tincidunt dui","137,220€"
Slade Morton,"Thu, 10th, 1991 - 08 : 10 : 09","Wed, 10th, 2015 - 01 : 06 : 13",Legal,"Nunc mauris elit, dictum eu, eleifend nec, malesuada ut, sem. Nulla interdum.","109,385€"
Graham Gentry,"Fri, 26th, 2000 - 12 : 05 : 46","Thu, 16th, 2027 - 09 : 12 : 01",Longaví,"Sed nulla ante, iaculis nec, eleifend non, dapibus rutrum, justo. Praesent luctus. Curabitur egestas nunc","44,921€"
Connor Webb,"Wed, 21st, 1976 - 01 : 01 : 37","Tue, 27th, 2015 - 02 : 10 : 27",Lonquimay,"eleifend nec, malesuada ut, sem. Nulla interdum. Curabitur dictum. Phasellus in felis. Nulla tempor","166,605€"
Cameron Noel,"Mon, 19th, 1994 - 09 : 12 : 34","Tue, 12th, 2030 - 03 : 02 : 14",Maizeret,"a, auctor non, feugiat nec, diam. Duis mi enim, condimentum eget, volutpat ornare, facilisis eget, ipsum. Donec sollicitudin adipiscing ligula. Aenean gravida nunc sed pede. Cum sociis natoque penatibus et","19,454€"
Ciaran Fulton,"Fri, 20th, 1992 - 08 : 03 : 42","Sun, 18th, 2029 - 03 : 11 : 06",Naushahro Firoze,"fames ac turpis egestas. Aliquam fringilla cursus purus. Nullam scelerisque neque sed sem egestas blandit. Nam nulla magna, malesuada vel, convallis in, cursus et, eros. Proin ultrices. Duis volutpat nunc","63,651€"
Demetria Webb,"Wed, 18th, 2000 - 07 : 10 : 52","Sat, 23rd, 2014 - 06 : 08 : 25",Vilvoorde,"risus a ultricies adipiscing, enim mi tempor lorem, eget mollis lectus pede et risus. Quisque libero lacus, varius et, euismod et, commodo at, libero. Morbi accumsan laoreet ipsum. Curabitur consequat,","194,054€"
Geraldine Riggs,"Thu, 2nd, 1989 - 06 : 02 : 56","Thu, 13th, 2005 - 01 : 01 : 50",Sogamoso,faucibus orci luctus et ultrices posuere cubilia Curae; Donec tincidunt. Donec vitae erat vel,"23,750€"
Lucas Davidson,"Mon, 29th, 1980 - 03 : 12 : 43","Mon, 22nd, 1995 - 04 : 05 : 29",Uikhoven,dictum. Proin eget odio. Aliquam vulputate ullamcorper magna. Sed eu eros. Nam consequat dolor vitae dolor. Donec fringilla. Donec feugiat metus,"190,234€"
Reuben Whitfield,"Sun, 2nd, 1985 - 12 : 06 : 08","Mon, 16th, 1997 - 12 : 06 : 04",HomprŽ,"quam, elementum at, egestas a, scelerisque sed, sapien. Nunc pulvinar arcu et pede. Nunc sed","24,058€"
Emerald Spence,"Sun, 23rd, 1973 - 01 : 09 : 40","Thu, 25th, 2004 - 12 : 11 : 06",Móstoles,"ut, molestie in, tempus eu, ligula. Aenean euismod mauris eu elit. Nulla facilisi. Sed","42,810€"
Sonia Smith,"Sun, 20th, 1994 - 02 : 03 : 31","Thu, 29th, 2021 - 12 : 04 : 19",Sagrada Familia,"feugiat nec, diam. Duis mi enim, condimentum eget, volutpat ornare, facilisis eget, ipsum. Donec sollicitudin adipiscing ligula. Aenean gravida nunc sed","103,588€"
Hope Nolan,"Thu, 19th, 1978 - 04 : 10 : 05","Mon, 7th, 2025 - 07 : 07 : 14",Wha Ti,"pede. Nunc sed orci lobortis augue scelerisque mollis. Phasellus libero mauris, aliquam","142,631€"
Deborah Chase,"Sun, 15th, 1979 - 12 : 07 : 33","Sun, 25th, 2001 - 05 : 11 : 13",Hattiesburg,"dolor dapibus gravida. Aliquam tincidunt, nunc ac mattis ornare, lectus ante dictum mi, ac mattis velit justo","174,179€"
Zelenia Singleton,"Thu, 8th, 1977 - 11 : 12 : 10","Fri, 9th, 2021 - 10 : 04 : 30",Ch‰tillon,"eu, ligula. Aenean euismod mauris eu elit. Nulla facilisi. Sed neque. Sed eget lacus. Mauris non dui nec urna suscipit nonummy. Fusce fermentum fermentum","68,480€"
Scarlett Sims,"Tue, 28th, 1986 - 08 : 10 : 37","Mon, 11th, 2022 - 07 : 07 : 26",Timaukel,"magnis dis parturient montes, nascetur ridiculus mus. Aenean eget magna. Suspendisse tristique neque venenatis lacus. Etiam bibendum fermentum metus. Aenean sed pede nec ante blandit viverra. Donec tempus, lorem","183,956€"
Jonas Curtis,"Sat, 8th, 2003 - 03 : 02 : 36","Sat, 5th, 2011 - 01 : 11 : 59",Rockingham,"arcu et pede. Nunc sed orci lobortis augue scelerisque mollis. Phasellus libero mauris, aliquam eu, accumsan sed, facilisis vitae, orci. Phasellus dapibus quam quis diam. Pellentesque habitant morbi tristique senectus","87,755€"
Chaney Ramirez,"Thu, 22nd, 1992 - 12 : 10 : 12","Wed, 6th, 2015 - 11 : 05 : 43",Gulfport,"nunc, ullamcorper eu, euismod ac, fermentum vel, mauris. Integer sem elit, pharetra ut, pharetra sed, hendrerit a, arcu. Sed et","151,914€"
Rigel Lawson,"Thu, 25th, 1982 - 04 : 02 : 25","Sat, 4th, 1995 - 05 : 11 : 49",Saumur,magna. Duis dignissim tempor arcu. Vestibulum ut eros non enim commodo hendrerit. Donec porttitor tellus non,"142,440€"
Jeremy Schmidt,"Sun, 24th, 1991 - 12 : 03 : 07","Tue, 22nd, 1998 - 12 : 12 : 55",Bard,"quis accumsan convallis, ante lectus convallis est, vitae sodales nisi magna","66,060€"
Sheila Saunders,"Sat, 15th, 1990 - 07 : 12 : 31","Wed, 29th, 2028 - 06 : 11 : 04",Creil,"Cras dictum ultricies ligula. Nullam enim. Sed nulla ante, iaculis nec, eleifend non, dapibus rutrum,","179,898€"
Price Deleon,"Mon, 3rd, 1977 - 06 : 01 : 34","Thu, 25th, 2009 - 08 : 06 : 28",Recco,"Donec non justo. Proin non massa non ante bibendum ullamcorper. Duis cursus, diam at pretium aliquet, metus urna convallis erat, eget tincidunt dui augue eu tellus. Phasellus elit","15,541€"
Nadine Miranda,"Tue, 21st, 1992 - 12 : 07 : 28","Wed, 5th, 2028 - 10 : 07 : 21",Chonchi,Mauris eu turpis. Nulla aliquet. Proin velit. Sed malesuada augue ut lacus.,"158,470€"
Beau Vega,"Sat, 10th, 1994 - 02 : 12 : 16","Fri, 2nd, 2012 - 05 : 11 : 04",Orvieto,"elit sed consequat auctor, nunc nulla vulputate dui, nec tempus mauris erat eget ipsum. Suspendisse sagittis. Nullam vitae diam. Proin dolor. Nulla semper","27,713€"
Urielle Haynes,"Sat, 30th, 1976 - 01 : 10 : 49","Fri, 10th, 2020 - 05 : 04 : 50",Litueche,"elementum, lorem ut aliquam iaculis, lacus pede sagittis augue, eu tempor erat neque non quam. Pellentesque habitant morbi tristique senectus et netus et malesuada fames","186,293€"
Tyrone Blair,"Mon, 12th, 1985 - 08 : 08 : 09","Thu, 29th, 2018 - 04 : 03 : 02",Saalfelden am Steinernen Meer,Cras eu tellus eu augue porttitor interdum. Sed auctor odio a purus. Duis,"172,163€"
Carter Wiley,"Thu, 25th, 1979 - 11 : 01 : 43","Sat, 27th, 1997 - 08 : 12 : 29",Lyubertsy,"libero. Donec consectetuer mauris id sapien. Cras dolor dolor, tempus non, lacinia at, iaculis quis, pede. Praesent eu dui. Cum sociis natoque penatibus et magnis dis parturient montes, nascetur ridiculus","124,448€"
Wang Pickett,"Mon, 22nd, 2002 - 06 : 07 : 30","Fri, 26th, 2001 - 12 : 10 : 00",Orito,nec tempus mauris erat eget ipsum. Suspendisse sagittis. Nullam vitae diam. Proin dolor. Nulla semper tellus id nunc interdum feugiat. Sed,"82,568€"
Devin Pickett,"Fri, 3rd, 1997 - 08 : 01 : 20","Wed, 20th, 2030 - 12 : 11 : 44",Kota,"quis, tristique ac, eleifend vitae, erat. Vivamus nisi. Mauris nulla. Integer urna. Vivamus molestie dapibus ligula. Aliquam erat volutpat. Nulla","166,483€"
Chaim Bean,"Mon, 16th, 2000 - 10 : 10 : 58","Tue, 27th, 1993 - 03 : 07 : 56",Scena/Schenna,"risus. Donec egestas. Duis ac arcu. Nunc mauris. Morbi non sapien molestie orci tincidunt adipiscing. Mauris molestie pharetra nibh. Aliquam ornare, libero at auctor ullamcorper, nisl arcu iaculis enim, sit","130,106€"
Vivien Zimmerman,"Tue, 28th, 1979 - 04 : 08 : 13","Fri, 22nd, 2010 - 10 : 10 : 40",Novy Oskol,"Etiam laoreet, libero et tristique pellentesque, tellus sem mollis dui, in sodales elit erat vitae risus. Duis a mi fringilla mi lacinia mattis. Integer eu","107,008€"
Molly Conrad,"Sat, 23rd, 1974 - 06 : 03 : 40","Tue, 30th, 2002 - 01 : 07 : 16",Williams Lake,"vulputate, posuere vulputate, lacus. Cras interdum. Nunc sollicitudin commodo ipsum. Suspendisse non leo. Vivamus nibh dolor, nonummy ac, feugiat non, lobortis quis, pede. Suspendisse dui. Fusce diam nunc, ullamcorper eu,","43,199€"
Mari Ramirez,"Sun, 3rd, 1985 - 11 : 11 : 45","Mon, 24th, 2029 - 06 : 09 : 26",Paillaco,Nulla semper tellus id nunc interdum feugiat. Sed nec metus facilisis lorem,"22,323€"
Vivien Solomon,"Sun, 19th, 1984 - 03 : 02 : 11","Wed, 25th, 2029 - 04 : 04 : 34",San Lazzaro di Savena,"ipsum sodales purus, in molestie tortor nibh sit amet orci. Ut sagittis lobortis mauris.","50,803€"
Joel Abbott,"Sun, 14th, 1998 - 07 : 06 : 34","Sat, 21st, 1993 - 11 : 08 : 35",Denderwindeke,"egestas blandit. Nam nulla magna, malesuada vel, convallis in, cursus","35,466€"
Raja Strickland,"Mon, 1st, 1980 - 05 : 09 : 24","Thu, 3rd, 1998 - 12 : 09 : 40",Khanpur,"Morbi accumsan laoreet ipsum. Curabitur consequat, lectus sit amet luctus vulputate, nisi sem semper erat, in consectetuer ipsum","165,196€"
Hiroko Davenport,"Tue, 9th, 2002 - 08 : 04 : 27","Tue, 27th, 1996 - 10 : 08 : 50",San Chirico Nuovo,"venenatis a, magna. Lorem ipsum dolor sit amet, consectetuer adipiscing elit. Etiam laoreet, libero et tristique pellentesque, tellus sem mollis dui, in sodales elit erat vitae risus.","78,813€"
Adam Bryant,"Wed, 14th, 1985 - 03 : 08 : 52","Sun, 9th, 2000 - 05 : 04 : 16",San Pablo,"ipsum nunc id enim. Curabitur massa. Vestibulum accumsan neque et nunc. Quisque ornare tortor at risus. Nunc ac sem ut dolor dapibus gravida. Aliquam tincidunt, nunc ac mattis ornare, lectus","62,101€"
Kato Fox,"Wed, 3rd, 1990 - 09 : 01 : 50","Mon, 10th, 2017 - 08 : 04 : 47",Fontaine-l'Evque,diam vel arcu. Curabitur ut odio vel est tempor bibendum.,"46,978€"
Joel Middleton,"Wed, 2nd, 1978 - 12 : 08 : 38","Thu, 29th, 1996 - 01 : 08 : 42",North Cowichan,"dui, nec tempus mauris erat eget ipsum. Suspendisse sagittis. Nullam vitae","60,576€"
Justin Erickson,"Wed, 19th, 1975 - 12 : 02 : 44","Wed, 11th, 2012 - 05 : 07 : 35",Sheffield,"odio. Etiam ligula tortor, dictum eu, placerat eget, venenatis a, magna. Lorem ipsum dolor sit amet, consectetuer adipiscing elit. Etiam laoreet, libero et tristique pellentesque, tellus sem mollis","171,749€"
Anastasia Montoya,"Thu, 25th, 1981 - 07 : 06 : 30","Wed, 15th, 2012 - 08 : 02 : 45",Schleswig,"Sed eu nibh vulputate mauris sagittis placerat. Cras dictum ultricies ligula. Nullam enim. Sed nulla ante, iaculis nec, eleifend","141,519€"
Madeson Ewing,"Sat, 15th, 1983 - 10 : 01 : 13","Sat, 19th, 2019 - 03 : 10 : 08",Pretoro,"luctus aliquet odio. Etiam ligula tortor, dictum eu, placerat eget, venenatis a, magna. Lorem ipsum dolor sit amet, consectetuer adipiscing elit. Etiam laoreet, libero et tristique pellentesque, tellus sem mollis","174,268€"
Philip Lucas,"Wed, 16th, 2002 - 11 : 10 : 43","Mon, 11th, 2021 - 04 : 10 : 04",Greenlaw,"pellentesque a, facilisis non, bibendum sed, est. Nunc laoreet lectus quis massa. Mauris vestibulum, neque sed dictum","66,642€"
Kai Maxwell,"Thu, 3rd, 1998 - 08 : 12 : 51","Sun, 1st, 2002 - 01 : 09 : 34",Caxias,"gravida. Praesent eu nulla at sem molestie sodales. Mauris blandit enim consequat purus. Maecenas libero est, congue a, aliquet vel, vulputate eu, odio. Phasellus at augue id ante dictum","9,895€"
Celeste Shepard,"Sun, 2nd, 1984 - 05 : 09 : 35","Tue, 23rd, 2018 - 07 : 01 : 19",Tczew,"Duis cursus, diam at pretium aliquet, metus urna convallis erat,","112,301€"
Mari Randall,"Fri, 12th, 1986 - 07 : 09 : 32","Mon, 4th, 2019 - 04 : 02 : 05",Bazel,"Proin nisl sem, consequat nec, mollis vitae, posuere at, velit. Cras lorem lorem, luctus","120,802€"
Camille Buchanan,"Fri, 3rd, 1988 - 03 : 06 : 54","Sun, 19th, 2007 - 04 : 08 : 43",Sesto Campano,ligula. Nullam feugiat placerat velit. Quisque varius. Nam porttitor scelerisque neque.,"120,308€"
Nissim Bell,"Wed, 7th, 1999 - 10 : 07 : 53","Fri, 2nd, 2021 - 05 : 04 : 29",Braives,"rutrum non, hendrerit id, ante. Nunc mauris sapien, cursus in, hendrerit consectetuer, cursus et, magna. Praesent interdum ligula eu enim. Etiam imperdiet dictum magna. Ut","99,347€"
Ali Moran,"Fri, 22nd, 1987 - 12 : 05 : 59","Wed, 28th, 2029 - 04 : 03 : 22",Sonnino,"est tempor bibendum. Donec felis orci, adipiscing non, luctus sit amet, faucibus ut, nulla. Cras eu tellus","17,907€"
Dolan Jarvis,"Sat, 24th, 1980 - 06 : 05 : 55","Sun, 8th, 2001 - 04 : 07 : 01",Hollange,"tincidunt, neque vitae semper egestas, urna justo faucibus lectus, a sollicitudin orci sem eget massa. Suspendisse","34,482€"
Cassidy Jacobson,"Sat, 1st, 2000 - 07 : 01 : 05","Fri, 27th, 2015 - 09 : 03 : 53",Gwadar,"non, cursus non, egestas a, dui. Cras pellentesque. Sed dictum. Proin eget odio. Aliquam vulputate ullamcorper magna. Sed eu eros. Nam consequat dolor vitae dolor. Donec fringilla. Donec feugiat","146,457€"
Barbara Willis,"Thu, 29th, 1976 - 05 : 04 : 31","Wed, 21st, 1996 - 07 : 02 : 45",Mandya,"est. Nunc laoreet lectus quis massa. Mauris vestibulum, neque sed dictum eleifend, nunc risus varius orci, in consequat enim diam vel arcu. Curabitur ut","69,027€"
Cathleen Mccullough,"Thu, 31st, 2001 - 09 : 05 : 28","Sat, 17th, 2026 - 03 : 01 : 31",Mala,"dolor quam, elementum at, egestas a, scelerisque sed, sapien. Nunc pulvinar arcu et pede.","185,119€"
Riley Lawson,"Fri, 11th, 1989 - 04 : 08 : 28","Fri, 21st, 2023 - 09 : 07 : 48",Leffinge,"amet risus. Donec egestas. Aliquam nec enim. Nunc ut erat. Sed nunc est, mollis non, cursus non, egestas a,","103,126€"
Destiny Quinn,"Sun, 30th, 1984 - 10 : 09 : 11","Wed, 28th, 2027 - 04 : 07 : 00",Ozherelye,"Donec tempor, est ac mattis semper, dui lectus rutrum urna, nec luctus felis purus ac tellus. Suspendisse sed dolor. Fusce mi lorem, vehicula et, rutrum eu, ultrices","159,769€"
Jescie Tyson,"Sun, 6th, 1997 - 07 : 04 : 20","Tue, 2nd, 2026 - 08 : 06 : 36",Bludenz,"convallis ligula. Donec luctus aliquet odio. Etiam ligula tortor, dictum","165,743€"
Nadine Norman,"Mon, 25th, 1982 - 01 : 10 : 57","Sat, 9th, 1997 - 06 : 08 : 14",Aurora,"nec, eleifend non, dapibus rutrum, justo. Praesent luctus. Curabitur egestas nunc","145,250€"
Malcolm Nichols,"Wed, 31st, 1985 - 04 : 07 : 29","Sat, 9th, 1998 - 02 : 05 : 13",St. Albans,"luctus et ultrices posuere cubilia Curae; Donec tincidunt. Donec vitae erat vel pede blandit congue. In scelerisque scelerisque dui. Suspendisse ac metus vitae velit egestas lacinia. Sed congue, elit sed","192,665€"
Katell Stokes,"Sun, 17th, 1989 - 07 : 09 : 28","Mon, 17th, 2003 - 03 : 02 : 44",Dutse,"consectetuer, cursus et, magna. Praesent interdum ligula eu enim. Etiam imperdiet","63,466€"
Stewart Odom,"Wed, 27th, 1996 - 06 : 11 : 52","Thu, 27th, 2001 - 10 : 12 : 12",Vaux-lez-Rosieres,"Quisque purus sapien, gravida non, sollicitudin a, malesuada id, erat. Etiam vestibulum massa rutrum magna. Cras convallis","98,795€"
Luke Montoya,"Fri, 21st, 1994 - 01 : 10 : 12","Mon, 10th, 2014 - 05 : 11 : 32",San Nicolás,neque et nunc. Quisque ornare tortor at risus. Nunc ac sem ut dolor dapibus,"163,420€"
Whilemina Reeves,"Wed, 24th, 1975 - 09 : 09 : 17","Fri, 7th, 1998 - 06 : 08 : 48",Hindupur,"velit justo nec ante. Maecenas mi felis, adipiscing fringilla, porttitor vulputate, posuere vulputate, lacus. Cras interdum. Nunc sollicitudin commodo ipsum. Suspendisse non leo.","149,579€"
Bert Gallagher,"Mon, 12th, 1979 - 08 : 02 : 28","Fri, 15th, 2019 - 05 : 02 : 45",Mosquera,"non, cursus non, egestas a, dui. Cras pellentesque. Sed dictum. Proin eget odio. Aliquam vulputate ullamcorper magna. Sed eu eros. Nam consequat dolor vitae dolor. Donec fringilla. Donec feugiat metus","157,879€"
Hayden Vega,"Fri, 31st, 1990 - 01 : 08 : 42","Mon, 24th, 2005 - 01 : 01 : 09",Ávila,"tellus. Nunc lectus pede, ultrices a, auctor non, feugiat nec, diam. Duis mi enim, condimentum eget, volutpat ornare, facilisis eget, ipsum. Donec sollicitudin adipiscing ligula. Aenean gravida nunc sed pede.","89,041€"
April Reynolds,"Mon, 13th, 1994 - 02 : 06 : 35","Tue, 2nd, 1993 - 05 : 11 : 39",Armstrong,"sit amet nulla. Donec non justo. Proin non massa non ante bibendum ullamcorper. Duis cursus, diam at pretium aliquet,","114,945€"
Ferris Perez,"Mon, 14th, 1975 - 04 : 07 : 38","Tue, 3rd, 1997 - 07 : 06 : 53",Vilna,"velit. Sed malesuada augue ut lacus. Nulla tincidunt, neque vitae semper egestas, urna justo","188,332€"
Vance Walls,"Sat, 1st, 1983 - 10 : 10 : 18","Mon, 24th, 2019 - 05 : 06 : 25",Emmen,"eu augue porttitor interdum. Sed auctor odio a purus. Duis elementum, dui quis accumsan convallis, ante lectus convallis est,","18,396€"
Herrod Britt,"Tue, 13th, 1979 - 06 : 03 : 09","Sat, 22nd, 2010 - 10 : 05 : 26",Krasnoznamensk,"mi tempor lorem, eget mollis lectus pede et risus. Quisque libero lacus, varius et, euismod et,","104,317€"
Ishmael Cooper,"Sun, 29th, 1978 - 12 : 10 : 37","Sat, 26th, 2008 - 10 : 01 : 26",Hattem,"Cum sociis natoque penatibus et magnis dis parturient montes, nascetur ridiculus mus. Aenean eget magna. Suspendisse tristique neque venenatis lacus. Etiam bibendum fermentum metus. Aenean","172,000€"
Sydney Jennings,"Mon, 8th, 1997 - 03 : 09 : 25","Thu, 2nd, 2005 - 05 : 06 : 54",Avigliano Umbro,"Cum sociis natoque penatibus et magnis dis parturient montes, nascetur ridiculus mus. Donec dignissim magna a tortor. Nunc commodo auctor velit. Aliquam nisl. Nulla eu neque pellentesque","109,843€"
Derek Shields,"Mon, 30th, 1993 - 08 : 08 : 15","Tue, 12th, 2021 - 03 : 01 : 33",Coreglia Antelminelli,"lacus. Ut nec urna et arcu imperdiet ullamcorper. Duis at lacus. Quisque purus sapien, gravida non,","117,676€"
Gabriel Rhodes,"Mon, 30th, 1998 - 07 : 03 : 30","Fri, 29th, 1994 - 05 : 07 : 34",Durness,ligula. Aenean euismod mauris eu elit. Nulla facilisi. Sed neque. Sed eget lacus. Mauris non dui nec urna suscipit nonummy. Fusce fermentum fermentum arcu. Vestibulum ante,"195,487€"
Roanna Hernandez,"Fri, 9th, 1993 - 06 : 04 : 04","Wed, 8th, 2024 - 10 : 05 : 39",Chestermere,"semper rutrum. Fusce dolor quam, elementum at, egestas a, scelerisque sed, sapien. Nunc pulvinar arcu et pede. Nunc sed orci lobortis","119,098€"
Wanda Dunn,"Sat, 2nd, 1980 - 01 : 08 : 13","Wed, 3rd, 2010 - 04 : 03 : 52",Scheggino,"Sed malesuada augue ut lacus. Nulla tincidunt, neque vitae semper egestas, urna justo faucibus lectus, a sollicitudin","174,762€"
Nomlanga Hartman,"Sat, 23rd, 1995 - 01 : 09 : 48","Sat, 1st, 1998 - 10 : 08 : 33",Rivière-du-Loup,"Nam nulla magna, malesuada vel, convallis in, cursus et, eros. Proin ultrices. Duis volutpat nunc sit amet metus. Aliquam erat volutpat. Nulla facilisis. Suspendisse","191,367€"
Ursa Goodman,"Wed, 9th, 1992 - 06 : 12 : 19","Thu, 24th, 2024 - 04 : 10 : 16",Ficulle,"consectetuer rhoncus. Nullam velit dui, semper et, lacinia vitae, sodales at, velit. Pellentesque ultricies dignissim lacus. Aliquam rutrum lorem ac","92,878€"
Stacy Payne,"Fri, 5th, 1996 - 06 : 04 : 05","Tue, 24th, 2028 - 01 : 10 : 58",Sankt Wendel,"sed pede nec ante blandit viverra. Donec tempus, lorem fringilla ornare placerat, orci lacus vestibulum lorem, sit","31,047€"
Cedric Castillo,"Mon, 11th, 1982 - 04 : 10 : 39","Wed, 29th, 2015 - 08 : 04 : 10",Belsele,"adipiscing. Mauris molestie pharetra nibh. Aliquam ornare, libero at auctor ullamcorper, nisl arcu iaculis enim, sit amet ornare lectus","169,526€"
Micah Joyce,"Sat, 16th, 1990 - 03 : 06 : 17","Tue, 13th, 2001 - 11 : 03 : 56",Temuco,"ante, iaculis nec, eleifend non, dapibus rutrum, justo. Praesent luctus. Curabitur egestas nunc sed libero. Proin sed turpis nec mauris blandit","185,289€"
Ivana Bartlett,"Sun, 31st, 1977 - 12 : 07 : 44","Sun, 10th, 2030 - 12 : 03 : 24",La Thuile,"vulputate mauris sagittis placerat. Cras dictum ultricies ligula. Nullam enim. Sed nulla ante, iaculis nec, eleifend non, dapibus","20,268€"
Denise Carter,"Tue, 13th, 1994 - 07 : 09 : 43","Tue, 2nd, 1993 - 03 : 03 : 31",Melle,"Maecenas mi felis, adipiscing fringilla, porttitor vulputate, posuere vulputate, lacus. Cras interdum. Nunc sollicitudin commodo ipsum.","93,620€"
Curran Parker,"Sat, 25th, 1988 - 03 : 06 : 21","Sun, 21st, 1996 - 02 : 04 : 51",Cervino,mollis. Integer tincidunt aliquam arcu. Aliquam ultrices iaculis odio. Nam interdum enim non nisi. Aenean eget metus. In nec orci. Donec nibh. Quisque nonummy ipsum non arcu. Vivamus sit,"28,518€"
Kaitlin Mercer,"Fri, 9th, 1984 - 12 : 03 : 14","Mon, 28th, 2008 - 03 : 01 : 32",Wenduine,"magna a tortor. Nunc commodo auctor velit. Aliquam nisl. Nulla eu neque pellentesque massa lobortis ultrices. Vivamus rhoncus. Donec est. Nunc ullamcorper, velit in aliquet lobortis,","102,300€"
Myles Allen,"Mon, 20th, 1990 - 08 : 08 : 34","Wed, 1st, 2027 - 02 : 12 : 41",Värnamo,interdum ligula eu enim. Etiam imperdiet dictum magna. Ut tincidunt orci quis lectus. Nullam,"85,379€"
Ila Ochoa,"Fri, 29th, 1995 - 10 : 09 : 35","Fri, 26th, 2002 - 05 : 04 : 13",Varsenare,"egestas blandit. Nam nulla magna, malesuada vel, convallis in, cursus et, eros. Proin ultrices. Duis volutpat nunc sit amet metus. Aliquam erat volutpat. Nulla facilisis. Suspendisse commodo tincidunt nibh. Phasellus","44,267€"
Paul Clayton,"Wed, 9th, 1990 - 02 : 05 : 06","Sun, 9th, 2029 - 03 : 09 : 56",Saint-Dié-des-Vosges,"ullamcorper, nisl arcu iaculis enim, sit amet ornare lectus justo eu","95,144€"
Ann Spears,"Tue, 16th, 1989 - 10 : 05 : 50","Sun, 28th, 1993 - 12 : 02 : 30",Nasirabad,"Aliquam tincidunt, nunc ac mattis ornare, lectus ante dictum mi, ac mattis velit justo nec ante. Maecenas mi felis, adipiscing fringilla,","7,042€"
Ebony Mooney,"Sun, 29th, 1976 - 04 : 08 : 39","Sun, 9th, 2002 - 12 : 06 : 47",Rae Bareli,"augue ut lacus. Nulla tincidunt, neque vitae semper egestas, urna justo faucibus lectus, a sollicitudin orci sem eget massa. Suspendisse eleifend. Cras sed leo. Cras","83,797€"
Uriel Leach,"Fri, 13th, 1987 - 08 : 03 : 03","Wed, 7th, 2018 - 07 : 02 : 10",Bhuj,"eleifend non, dapibus rutrum, justo. Praesent luctus. Curabitur egestas nunc sed libero. Proin","20,060€"
Bree Lott,"Fri, 24th, 1998 - 12 : 04 : 13","Thu, 18th, 2021 - 05 : 11 : 20",Charny,"imperdiet dictum magna. Ut tincidunt orci quis lectus. Nullam suscipit, est ac facilisis facilisis, magna tellus faucibus leo, in lobortis tellus justo sit amet nulla. Donec non justo. Proin","125,576€"
Chanda Lamb,"Fri, 26th, 1987 - 02 : 06 : 57","Sat, 23rd, 1999 - 04 : 01 : 04",Wrexham,"elit. Aliquam auctor, velit eget laoreet posuere, enim nisl elementum purus, accumsan interdum libero dui","122,348€"
Judah Barron,"Sun, 21st, 1994 - 12 : 08 : 51","Thu, 26th, 2030 - 12 : 09 : 49",Harbour Grace,"leo, in lobortis tellus justo sit amet nulla. Donec non justo. Proin non massa non ante bibendum ullamcorper.","15,083€"
Gareth Sexton,"Sun, 9th, 1986 - 07 : 03 : 01","Fri, 13th, 2030 - 05 : 12 : 23",Calgary,sed libero. Proin sed turpis nec mauris blandit mattis. Cras eget nisi dictum augue malesuada malesuada. Integer id magna et ipsum cursus vestibulum. Mauris magna. Duis dignissim,"81,233€"
Nash Wright,"Thu, 18th, 1977 - 05 : 08 : 24","Mon, 12th, 2025 - 04 : 05 : 58",Anklam,"Nullam scelerisque neque sed sem egestas blandit. Nam nulla magna, malesuada vel, convallis","45,295€"
Vivian Walker,"Sat, 4th, 1980 - 03 : 10 : 51","Sat, 22nd, 2028 - 06 : 01 : 46",San Isidro,dolor. Nulla semper tellus id nunc interdum feugiat. Sed nec metus facilisis lorem tristique aliquet. Phasellus fermentum convallis,"35,341€"
Martina Sanford,"Wed, 27th, 1988 - 12 : 07 : 19","Thu, 2nd, 2012 - 07 : 02 : 29",Pontarlier,"taciti sociosqu ad litora torquent per conubia nostra, per inceptos hymenaeos. Mauris ut quam","87,689€"
Jared Rojas,"Thu, 23rd, 1981 - 12 : 07 : 05","Sun, 6th, 2020 - 03 : 09 : 50",Dyatkovo,"id ante dictum cursus. Nunc mauris elit, dictum eu, eleifend nec, malesuada ut, sem. Nulla interdum. Curabitur dictum. Phasellus in felis. Nulla tempor","101,760€"
Jarrod Rush,"Sat, 23rd, 1978 - 01 : 09 : 32","Tue, 11th, 2011 - 03 : 01 : 18",Geelong,"eget, volutpat ornare, facilisis eget, ipsum. Donec sollicitudin adipiscing ligula. Aenean","97,060€"
Chaim Norman,"Sat, 22nd, 2001 - 03 : 12 : 48","Sun, 7th, 2019 - 06 : 07 : 42",Bollnäs,semper cursus. Integer mollis. Integer tincidunt aliquam arcu. Aliquam ultrices iaculis,"50,730€"
Aimee Hall,"Tue, 8th, 1980 - 08 : 01 : 39","Sat, 15th, 2017 - 07 : 04 : 49",Yeotmal,"euismod et, commodo at, libero. Morbi accumsan laoreet ipsum. Curabitur consequat, lectus sit amet luctus vulputate,","80,100€"
Jillian Carney,"Tue, 28th, 1987 - 06 : 07 : 12","Fri, 11th, 1998 - 07 : 09 : 02",Portland,"tempus scelerisque, lorem ipsum sodales purus, in molestie tortor nibh sit amet orci. Ut sagittis lobortis mauris. Suspendisse","119,395€"
Sarah Suarez,"Thu, 12th, 1987 - 05 : 11 : 50","Sun, 18th, 2016 - 08 : 09 : 48",Hapur,"elit, dictum eu, eleifend nec, malesuada ut, sem. Nulla interdum. Curabitur dictum.","62,099€"
Kessie Melton,"Wed, 2nd, 1983 - 09 : 02 : 33","Thu, 2nd, 2000 - 07 : 03 : 56",Massa Martana,Duis ac arcu. Nunc mauris. Morbi non sapien molestie orci tincidunt adipiscing. Mauris molestie pharetra nibh. Aliquam,"6,642€"
Neil Curtis,"Tue, 6th, 1994 - 06 : 12 : 55","Sat, 6th, 2018 - 04 : 01 : 22",Stratford-upon-Avon,"sodales at, velit. Pellentesque ultricies dignissim lacus. Aliquam rutrum lorem ac risus. Morbi metus. Vivamus euismod urna. Nullam lobortis quam a felis ullamcorper","40,038€"
Victor Schneider,"Tue, 22nd, 1973 - 08 : 05 : 45","Wed, 28th, 2016 - 03 : 12 : 25",Largs,quam dignissim pharetra. Nam ac nulla. In tincidunt congue turpis. In condimentum. Donec at arcu. Vestibulum ante,"52,783€"
Dennis Levy,"Sun, 1st, 1984 - 09 : 01 : 15","Tue, 18th, 2015 - 12 : 08 : 49",Humbeek,"Duis gravida. Praesent eu nulla at sem molestie sodales. Mauris blandit enim consequat purus. Maecenas libero est, congue a, aliquet vel, vulputate eu, odio. Phasellus","31,566€"
Christen Cameron,"Fri, 5th, 1982 - 07 : 11 : 21","Sat, 21st, 2015 - 08 : 11 : 35",Molfetta,"amet, dapibus id, blandit at, nisi. Cum sociis natoque penatibus","37,450€"
Lane Hoover,"Tue, 18th, 1995 - 12 : 07 : 48","Mon, 9th, 2016 - 07 : 05 : 50",Meerhout,"tempus scelerisque, lorem ipsum sodales purus, in molestie tortor nibh sit amet","51,153€"
Cora Forbes,"Tue, 16th, 2001 - 10 : 10 : 27","Fri, 23rd, 2004 - 04 : 07 : 29",Ottawa-Carleton,"neque vitae semper egestas, urna justo faucibus lectus, a sollicitudin orci sem eget massa. Suspendisse eleifend. Cras sed leo. Cras vehicula aliquet libero. Integer in magna. Phasellus","167,767€"
Owen Downs,"Wed, 10th, 1993 - 02 : 11 : 30","Wed, 29th, 1995 - 10 : 11 : 02",Leeds,"Cum sociis natoque penatibus et magnis dis parturient montes, nascetur ridiculus mus.","122,934€"
Hiram Reyes,"Sun, 5th, 1999 - 07 : 12 : 44","Wed, 3rd, 2030 - 02 : 04 : 54",Runcorn,"nonummy ipsum non arcu. Vivamus sit amet risus. Donec egestas. Aliquam nec enim. Nunc ut erat. Sed nunc est, mollis non, cursus","130,014€"
Rhiannon Maddox,"Sun, 12th, 1992 - 12 : 01 : 33","Fri, 12th, 1998 - 11 : 06 : 19",Sechura,"consequat, lectus sit amet luctus vulputate, nisi sem semper erat, in consectetuer ipsum nunc id enim. Curabitur","76,752€"
Linda Gates,"Sat, 10th, 1983 - 03 : 09 : 23","Thu, 30th, 1997 - 09 : 01 : 06",Suxy,"nulla magna, malesuada vel, convallis in, cursus et, eros. Proin ultrices. Duis volutpat nunc sit amet metus. Aliquam","31,947€"
Francesca Frost,"Mon, 29th, 1974 - 02 : 04 : 31","Thu, 4th, 1995 - 10 : 05 : 52",Sossano,Proin eget odio. Aliquam vulputate ullamcorper magna. Sed eu eros. Nam consequat dolor vitae dolor. Donec fringilla. Donec feugiat metus sit amet ante. Vivamus non lorem vitae odio sagittis semper.,"125,931€"
Ezra Conley,"Sun, 1st, 1974 - 11 : 09 : 52","Fri, 26th, 2010 - 10 : 11 : 49",Wasseiges,"mollis lectus pede et risus. Quisque libero lacus, varius et, euismod et, commodo at, libero. Morbi accumsan laoreet ipsum. Curabitur consequat, lectus sit amet luctus vulputate, nisi sem semper","36,340€"
Carson Gillespie,"Thu, 31st, 1994 - 10 : 03 : 08","Mon, 23rd, 2027 - 10 : 08 : 24",Kharan,"gravida sit amet, dapibus id, blandit at, nisi. Cum sociis natoque penatibus et","191,326€"
Gabriel Atkinson,"Sat, 11th, 1987 - 05 : 04 : 20","Tue, 23rd, 2003 - 05 : 09 : 30",Donstiennes,"Suspendisse commodo tincidunt nibh. Phasellus nulla. Integer vulputate, risus a ultricies adipiscing, enim mi tempor lorem, eget mollis lectus pede et risus. Quisque libero lacus, varius et, euismod","62,134€"
Rina Henson,"Sat, 24th, 1980 - 09 : 05 : 24","Wed, 13th, 2024 - 02 : 11 : 45",Trevignano Romano,"non enim. Mauris quis turpis vitae purus gravida sagittis. Duis gravida. Praesent eu nulla at sem molestie sodales. Mauris blandit enim consequat purus. Maecenas libero est, congue a,","172,148€"
Erasmus Gentry,"Tue, 22nd, 2002 - 01 : 01 : 29","Sat, 19th, 2016 - 10 : 03 : 29",San Francisco,"at risus. Nunc ac sem ut dolor dapibus gravida. Aliquam tincidunt, nunc ac mattis ornare, lectus ante dictum","40,785€"
Brittany Tanner,"Sun, 1st, 2000 - 12 : 10 : 07","Fri, 15th, 2027 - 05 : 01 : 32",Kamyzyak,"ut, pharetra sed, hendrerit a, arcu. Sed et libero. Proin mi. Aliquam gravida mauris ut mi. Duis risus odio, auctor vitae, aliquet nec, imperdiet","69,088€"
Nomlanga Mendez,"Mon, 29th, 1996 - 04 : 01 : 10","Thu, 12th, 2030 - 05 : 12 : 32",Alandur,"Nunc commodo auctor velit. Aliquam nisl. Nulla eu neque pellentesque massa lobortis ultrices. Vivamus rhoncus. Donec est. Nunc ullamcorper, velit in aliquet lobortis, nisi","54,071€"
Shellie Rasmussen,"Sun, 10th, 1976 - 02 : 10 : 04","Sun, 23rd, 2008 - 09 : 03 : 47",Finkenstein am Faaker See,ut quam vel sapien imperdiet ornare. In faucibus. Morbi vehicula. Pellentesque tincidunt tempus risus. Donec egestas. Duis ac arcu. Nunc mauris. Morbi non sapien molestie,"132,274€"
Seth Berger,"Mon, 29th, 1979 - 05 : 01 : 43","Fri, 2nd, 2026 - 04 : 10 : 13",Saint-Malo,"aliquet diam. Sed diam lorem, auctor quis, tristique ac, eleifend vitae, erat. Vivamus nisi. Mauris nulla. Integer urna. Vivamus molestie dapibus ligula. Aliquam erat volutpat. Nulla dignissim. Maecenas ornare egestas","30,382€"
Sebastian Olson,"Thu, 3rd, 1983 - 05 : 03 : 44","Mon, 12th, 2005 - 09 : 12 : 00",Olmué,"vel lectus. Cum sociis natoque penatibus et magnis dis parturient montes, nascetur ridiculus mus. Donec dignissim magna a tortor. Nunc commodo auctor velit. Aliquam nisl. Nulla eu neque pellentesque massa","58,107€"
Jillian Lynch,"Fri, 21st, 1990 - 07 : 09 : 08","Thu, 26th, 2024 - 06 : 09 : 33",Cuttack,nascetur ridiculus mus. Proin vel nisl. Quisque fringilla euismod enim. Etiam gravida molestie arcu. Sed eu nibh vulputate mauris sagittis placerat.,"179,415€"
Omar Lambert,"Wed, 19th, 1996 - 06 : 06 : 28","Tue, 16th, 2014 - 02 : 09 : 46",Asigliano Veneto,faucibus orci luctus et ultrices posuere cubilia Curae; Donec tincidunt. Donec vitae erat vel pede blandit congue. In scelerisque scelerisque dui.,"53,438€"
Ivana Ruiz,"Sun, 19th, 2000 - 06 : 11 : 35","Sat, 16th, 1997 - 10 : 08 : 57",Piotrków Trybunalski,"eget tincidunt dui augue eu tellus. Phasellus elit pede, malesuada vel, venenatis vel, faucibus id, libero. Donec consectetuer mauris id sapien. Cras dolor dolor,","168,900€"
Conan Berry,"Wed, 11th, 1992 - 04 : 03 : 04","Thu, 31st, 2006 - 01 : 08 : 26",Northallerton,"Cras eu tellus eu augue porttitor interdum. Sed auctor odio a purus. Duis elementum, dui quis","43,926€"
Karyn Brooks,"Sun, 8th, 2001 - 11 : 07 : 49","Fri, 21st, 2005 - 05 : 10 : 12",Cambrai,"a, auctor non, feugiat nec, diam. Duis mi enim, condimentum eget, volutpat ornare, facilisis eget,","63,776€"
Destiny Gonzalez,"Sat, 23rd, 1994 - 12 : 07 : 57","Fri, 29th, 2000 - 08 : 09 : 03",Chesapeake,"ipsum. Donec sollicitudin adipiscing ligula. Aenean gravida nunc sed pede. Cum sociis natoque penatibus et magnis dis parturient montes, nascetur ridiculus","153,225€"
Joan Bonner,"Wed, 16th, 1993 - 09 : 06 : 51","Fri, 23rd, 2027 - 05 : 04 : 43",Pemberton,"a, magna. Lorem ipsum dolor sit amet, consectetuer adipiscing elit. Etiam laoreet, libero et tristique pellentesque, tellus sem mollis dui, in sodales elit erat vitae risus. Duis","12,188€"
Denton Fischer,"Sun, 7th, 2001 - 11 : 10 : 54","Fri, 18th, 2000 - 10 : 02 : 31",Laval,"dictum placerat, augue. Sed molestie. Sed id risus quis diam luctus","131,875€"
Myles Hayes,"Thu, 5th, 1987 - 10 : 02 : 19","Sat, 18th, 2000 - 10 : 03 : 18",Casoli,"sem mollis dui, in sodales elit erat vitae risus. Duis a mi fringilla mi lacinia mattis. Integer eu lacus.","47,499€"
Kellie Singleton,"Wed, 10th, 1979 - 07 : 10 : 34","Thu, 22nd, 2015 - 12 : 10 : 35",San José,"lacus pede sagittis augue, eu tempor erat neque non quam. Pellentesque habitant morbi tristique senectus et netus et malesuada fames ac turpis egestas. Aliquam fringilla cursus purus.","73,623€"
Yasir Dunlap,"Mon, 7th, 1997 - 10 : 07 : 53","Fri, 6th, 2020 - 10 : 11 : 15",Ichalkaranji,"nonummy ipsum non arcu. Vivamus sit amet risus. Donec egestas. Aliquam nec enim. Nunc ut erat. Sed nunc est, mollis non,","166,185€"
Sonya Lambert,"Sat, 26th, 2002 - 03 : 10 : 30","Sun, 16th, 2006 - 05 : 04 : 15",Sangli,"et arcu imperdiet ullamcorper. Duis at lacus. Quisque purus sapien, gravida non,","40,142€"
Hayes Tate,"Fri, 29th, 1990 - 07 : 06 : 57","Wed, 21st, 2022 - 03 : 12 : 53",Krasnaya Yaruga,"Suspendisse aliquet, sem ut cursus luctus, ipsum leo elementum sem, vitae aliquam eros turpis non enim. Mauris quis turpis vitae purus gravida sagittis. Duis","177,346€"
Ciaran Gross,"Thu, 28th, 1987 - 04 : 05 : 55","Wed, 3rd, 1993 - 12 : 11 : 20",Frigento,"sem magna nec quam. Curabitur vel lectus. Cum sociis natoque penatibus et magnis dis parturient montes, nascetur ridiculus mus. Donec dignissim magna a tortor. Nunc","30,520€"
Walter Young,"Wed, 12th, 1980 - 07 : 11 : 28","Mon, 28th, 2018 - 04 : 05 : 46",Watson Lake,tincidunt aliquam arcu. Aliquam ultrices iaculis odio. Nam interdum enim non nisi. Aenean eget metus. In nec orci. Donec nibh. Quisque nonummy,"47,978€"
Ivy Austin,"Fri, 30th, 1990 - 05 : 11 : 20","Mon, 22nd, 2003 - 01 : 12 : 30",Bathgate,"risus odio, auctor vitae, aliquet nec, imperdiet nec, leo. Morbi neque tellus, imperdiet non, vestibulum nec, euismod","177,434€"
Akeem Ramirez,"Sun, 12th, 1997 - 10 : 01 : 17","Tue, 14th, 2022 - 06 : 06 : 34",Castelvecchio Calvisio,"blandit. Nam nulla magna, malesuada vel, convallis in, cursus et, eros. Proin ultrices. Duis volutpat nunc","61,198€"
Chadwick Clayton,"Fri, 12th, 1986 - 02 : 09 : 26","Tue, 28th, 2026 - 01 : 04 : 43",Torreón,"Integer eu lacus. Quisque imperdiet, erat nonummy ultricies ornare, elit elit fermentum risus, at fringilla purus mauris a nunc. In at pede. Cras vulputate velit eu","90,613€"
MacKenzie Brennan,"Thu, 13th, 1983 - 02 : 01 : 08","Mon, 4th, 1997 - 05 : 08 : 21",Ravensburg,"mi pede, nonummy ut, molestie in, tempus eu, ligula. Aenean euismod mauris eu elit. Nulla facilisi. Sed neque. Sed eget lacus. Mauris non dui nec urna suscipit nonummy. Fusce fermentum","151,535€"
Harlan Mckinney,"Fri, 19th, 1997 - 08 : 12 : 39","Tue, 16th, 2001 - 11 : 10 : 03",Gilly,In tincidunt congue turpis. In condimentum. Donec at arcu. Vestibulum ante ipsum primis in faucibus orci luctus et ultrices posuere cubilia Curae; Donec,"61,548€"
Lionel Wyatt,"Sat, 29th, 1991 - 10 : 06 : 00","Mon, 27th, 2013 - 06 : 05 : 20",Harbour Grace,"convallis, ante lectus convallis est, vitae sodales nisi magna sed dui. Fusce aliquam, enim nec tempus scelerisque,","116,166€"
Giselle Duncan,"Thu, 26th, 1987 - 02 : 11 : 45","Tue, 22nd, 2008 - 09 : 07 : 08",Grasse,"arcu. Nunc mauris. Morbi non sapien molestie orci tincidunt adipiscing. Mauris molestie pharetra nibh. Aliquam ornare, libero at auctor ullamcorper, nisl arcu iaculis enim, sit amet ornare","17,167€"
Stella Byrd,"Wed, 22nd, 2000 - 05 : 11 : 27","Wed, 28th, 2000 - 04 : 06 : 13",Overmere,nec orci. Donec nibh. Quisque nonummy ipsum non arcu. Vivamus sit amet risus. Donec egestas. Aliquam,"54,417€"
Aaron Mercado,"Mon, 18th, 1998 - 08 : 05 : 11","Tue, 12th, 1995 - 04 : 09 : 01",Saint-Remy,"nibh. Aliquam ornare, libero at auctor ullamcorper, nisl arcu iaculis","72,359€"
Nelle Marquez,"Thu, 4th, 1997 - 11 : 12 : 28","Wed, 10th, 2019 - 06 : 07 : 28",Curacautín,Sed id risus quis diam luctus lobortis. Class aptent taciti sociosqu ad,"145,892€"
Whilemina Tillman,"Thu, 29th, 1982 - 12 : 07 : 36","Sun, 21st, 2023 - 03 : 05 : 04",Beringen,"auctor non, feugiat nec, diam. Duis mi enim, condimentum eget, volutpat ornare, facilisis eget, ipsum. Donec sollicitudin adipiscing ligula. Aenean gravida","67,442€"
Deanna Workman,"Mon, 8th, 1993 - 10 : 03 : 17","Mon, 23rd, 2009 - 04 : 03 : 12",Ternate,"sed dui. Fusce aliquam, enim nec tempus scelerisque, lorem ipsum sodales purus, in molestie tortor nibh sit amet orci. Ut sagittis lobortis mauris. Suspendisse aliquet molestie tellus. Aenean egestas","49,682€"
Lucy Church,"Sun, 9th, 1986 - 06 : 03 : 52","Sat, 25th, 2006 - 06 : 11 : 52",San Joaquín,pede blandit congue. In scelerisque scelerisque dui. Suspendisse ac metus vitae velit egestas,"133,122€"
Zelda Martinez,"Mon, 1st, 1993 - 06 : 02 : 11","Fri, 31st, 2028 - 04 : 03 : 24",Pierrefonds,"vitae sodales nisi magna sed dui. Fusce aliquam, enim nec tempus scelerisque, lorem","126,064€"
Shelley Mcdowell,"Wed, 10th, 2001 - 09 : 01 : 30","Sun, 24th, 1993 - 08 : 10 : 07",Lens-Saint-Remy,Donec vitae erat vel pede blandit congue. In scelerisque scelerisque dui. Suspendisse ac metus vitae,"10,020€"
Sean Mccullough,"Tue, 7th, 2003 - 04 : 01 : 05","Mon, 1st, 2018 - 03 : 01 : 16",Bharatpur,"eros non enim commodo hendrerit. Donec porttitor tellus non magna. Nam ligula elit, pretium et, rutrum non, hendrerit id, ante. Nunc mauris sapien, cursus in, hendrerit consectetuer, cursus et,","77,432€"
Kyra Cleveland,"Mon, 2nd, 2001 - 01 : 04 : 31","Wed, 7th, 2007 - 07 : 11 : 51",Scarborough,"semper egestas, urna justo faucibus lectus, a sollicitudin orci sem eget massa. Suspendisse eleifend. Cras sed leo. Cras vehicula aliquet libero. Integer in magna.","117,609€"
Ethan Castro,"Fri, 5th, 1992 - 01 : 06 : 03","Wed, 25th, 1995 - 03 : 10 : 02",Hamme-Mille,"magna. Phasellus dolor elit, pellentesque a, facilisis non, bibendum sed, est. Nunc laoreet lectus quis massa. Mauris vestibulum, neque sed dictum eleifend,","7,865€"
Alexander Terry,"Wed, 26th, 1973 - 02 : 09 : 29","Sat, 24th, 2001 - 01 : 02 : 52",Fontanafredda,"et magnis dis parturient montes, nascetur ridiculus mus. Proin vel arcu eu odio tristique pharetra. Quisque ac","190,981€"
Charity Dunlap,"Thu, 27th, 1988 - 07 : 10 : 09","Wed, 24th, 1998 - 11 : 06 : 03",Giugliano in Campania,"dolor sit amet, consectetuer adipiscing elit. Curabitur sed tortor. Integer aliquam adipiscing lacus. Ut nec urna et arcu imperdiet ullamcorper.","52,905€"
Henry Walters,"Fri, 20th, 1994 - 01 : 05 : 06","Wed, 4th, 1994 - 04 : 05 : 11",East Gwillimbury,"eleifend. Cras sed leo. Cras vehicula aliquet libero. Integer in magna. Phasellus dolor elit, pellentesque a, facilisis non, bibendum sed, est. Nunc laoreet lectus quis","42,477€"
Davis Stewart,"Mon, 15th, 2001 - 03 : 01 : 01","Sat, 16th, 2020 - 05 : 05 : 38",Gunpo,"lectus rutrum urna, nec luctus felis purus ac tellus. Suspendisse sed dolor. Fusce mi lorem, vehicula et, rutrum eu, ultrices sit amet, risus. Donec nibh enim,","154,845€"
Barclay Fisher,"Tue, 25th, 1977 - 05 : 10 : 56","Wed, 16th, 2008 - 09 : 04 : 21",Serrata,"Aliquam erat volutpat. Nulla facilisis. Suspendisse commodo tincidunt nibh. Phasellus nulla. Integer vulputate, risus a ultricies adipiscing,","69,287€"
Garth Stephens,"Fri, 26th, 1996 - 07 : 07 : 28","Sun, 24th, 2030 - 05 : 11 : 11",Breton,"mollis dui, in sodales elit erat vitae risus. Duis a mi fringilla mi lacinia mattis.","45,385€"
Len Flowers,"Fri, 29th, 1988 - 04 : 04 : 47","Tue, 17th, 1996 - 11 : 09 : 59",Lakewood,"egestas. Aliquam fringilla cursus purus. Nullam scelerisque neque sed sem egestas blandit. Nam nulla magna, malesuada vel, convallis in, cursus et, eros. Proin ultrices. Duis volutpat nunc","18,743€"
Sara Pacheco,"Thu, 11th, 1986 - 02 : 09 : 57","Wed, 10th, 2030 - 01 : 07 : 50",Mont,"massa lobortis ultrices. Vivamus rhoncus. Donec est. Nunc ullamcorper, velit in aliquet lobortis, nisi nibh lacinia orci, consectetuer euismod est arcu ac orci. Ut semper","133,232€"
Karleigh Daniel,"Wed, 28th, 1998 - 02 : 01 : 34","Sun, 11th, 1994 - 04 : 09 : 31",Linlithgow,"et, euismod et, commodo at, libero. Morbi accumsan laoreet ipsum. Curabitur consequat, lectus sit amet luctus vulputate, nisi sem semper erat, in consectetuer ipsum","92,789€"
Jamalia Baldwin,"Fri, 22nd, 1991 - 08 : 11 : 23","Thu, 30th, 2017 - 09 : 03 : 20",Tejar,"eu tellus eu augue porttitor interdum. Sed auctor odio a purus. Duis elementum, dui quis accumsan","125,438€"
Alisa Huff,"Thu, 1st, 1990 - 09 : 03 : 10","Sat, 25th, 2010 - 03 : 09 : 23",Schulen,"dui. Cum sociis natoque penatibus et magnis dis parturient montes,","41,023€"
Marny Hooper,"Sun, 23rd, 1995 - 02 : 04 : 57","Wed, 14th, 2029 - 01 : 11 : 47",Nemoli,in consequat enim diam vel arcu. Curabitur ut odio vel est,"112,098€"
Eaton Shaw,"Tue, 1st, 1995 - 01 : 08 : 19","Fri, 11th, 2000 - 07 : 02 : 43",Malahide,"amet luctus vulputate, nisi sem semper erat, in consectetuer ipsum nunc id enim. Curabitur massa. Vestibulum accumsan neque et","109,768€"
Kibo Alvarado,"Sun, 13th, 1981 - 10 : 09 : 56","Wed, 22nd, 2006 - 12 : 02 : 58",Drancy,"ipsum. Donec sollicitudin adipiscing ligula. Aenean gravida nunc sed pede. Cum sociis natoque penatibus et magnis dis parturient montes, nascetur ridiculus mus. Proin vel arcu eu","86,793€"
Regan Poole,"Sun, 8th, 1989 - 04 : 10 : 18","Wed, 23rd, 1999 - 08 : 06 : 04",Jackson,"est, vitae sodales nisi magna sed dui. Fusce aliquam, enim nec tempus scelerisque, lorem ipsum sodales purus,","157,440€"
Ezra Lang,"Thu, 26th, 1992 - 12 : 11 : 29","Sun, 2nd, 2006 - 05 : 07 : 22",Carson City,"Integer vulputate, risus a ultricies adipiscing, enim mi tempor lorem, eget mollis lectus","172,272€"
Bell Gallegos,"Sun, 19th, 1979 - 03 : 08 : 07","Sat, 1st, 2005 - 06 : 10 : 31",Laramie,arcu vel quam dignissim pharetra. Nam ac nulla. In tincidunt congue turpis. In condimentum. Donec at arcu. Vestibulum ante ipsum primis in,"162,663€"
Hannah Everett,"Fri, 9th, 1979 - 05 : 03 : 00","Tue, 15th, 2013 - 10 : 10 : 25",PiŽtrebais,"vehicula risus. Nulla eget metus eu erat semper rutrum. Fusce dolor quam, elementum at, egestas a, scelerisque sed, sapien. Nunc pulvinar arcu et pede. Nunc sed orci lobortis augue","9,810€"
Fay Forbes,"Tue, 1st, 1982 - 05 : 06 : 58","Wed, 10th, 2025 - 08 : 09 : 23",Podolsk,congue turpis. In condimentum. Donec at arcu. Vestibulum ante ipsum primis in faucibus orci luctus et ultrices posuere cubilia Curae; Donec tincidunt.,"173,182€"
Evan Bradshaw,"Wed, 26th, 2003 - 05 : 02 : 28","Tue, 5th, 2024 - 08 : 03 : 38",Jauche,"congue, elit sed consequat auctor, nunc nulla vulputate dui, nec tempus mauris erat eget ipsum. Suspendisse sagittis.","111,221€"
Merrill Mathis,"Fri, 22nd, 1981 - 01 : 05 : 16","Tue, 5th, 2007 - 04 : 06 : 44",Calco,"lectus pede et risus. Quisque libero lacus, varius et, euismod et, commodo at,","114,660€"
Genevieve Conway,"Tue, 13th, 2001 - 07 : 03 : 05","Fri, 9th, 2007 - 03 : 02 : 52",Ceuta,quis arcu vel quam dignissim pharetra. Nam ac nulla. In tincidunt congue turpis. In condimentum. Donec at arcu. Vestibulum ante ipsum primis in faucibus,"92,329€"
Ila Garrett,"Mon, 4th, 1989 - 04 : 12 : 00","Wed, 14th, 2000 - 04 : 06 : 30",Quinte West,"porttitor vulputate, posuere vulputate, lacus. Cras interdum. Nunc sollicitudin commodo ipsum. Suspendisse","127,750€"
Tobias Ferrell,"Wed, 28th, 1981 - 12 : 10 : 21","Fri, 9th, 2006 - 10 : 06 : 59",Khanewal,"sed consequat auctor, nunc nulla vulputate dui, nec tempus mauris erat eget ipsum. Suspendisse sagittis. Nullam vitae diam. Proin dolor. Nulla semper tellus id nunc interdum","98,210€"
Sierra Valenzuela,"Tue, 4th, 1986 - 09 : 02 : 23","Mon, 21st, 2003 - 08 : 07 : 16",Lo Barnechea,"et, euismod et, commodo at, libero. Morbi accumsan laoreet ipsum. Curabitur consequat, lectus sit amet luctus","48,666€"
Paki Acosta,"Sun, 29th, 2002 - 07 : 12 : 26","Tue, 25th, 2023 - 09 : 07 : 44",Kalgoorlie-Boulder,"turpis. Nulla aliquet. Proin velit. Sed malesuada augue ut lacus. Nulla tincidunt,","128,525€"
Hoyt Snyder,"Mon, 13th, 1973 - 03 : 08 : 45","Wed, 20th, 2008 - 06 : 08 : 14",Sierning,"eleifend, nunc risus varius orci, in consequat enim diam vel","55,443€"
Medge Ryan,"Sun, 16th, 1989 - 10 : 04 : 14","Sun, 28th, 1993 - 05 : 11 : 33",Faizabad,egestas nunc sed libero. Proin sed turpis nec mauris blandit mattis. Cras eget nisi dictum augue malesuada,"62,377€"
Moses Baird,"Sat, 28th, 1981 - 09 : 11 : 32","Mon, 2nd, 2009 - 06 : 11 : 15",Marsciano,"non lorem vitae odio sagittis semper. Nam tempor diam dictum sapien. Aenean massa. Integer vitae nibh. Donec est mauris, rhoncus id, mollis","135,208€"
Evan Ayala,"Thu, 8th, 1990 - 06 : 02 : 29","Sun, 29th, 2003 - 08 : 06 : 22",Giustino,"ornare, facilisis eget, ipsum. Donec sollicitudin adipiscing ligula. Aenean gravida nunc sed pede. Cum sociis natoque penatibus et magnis dis parturient","90,737€"
Tatum Jennings,"Mon, 5th, 1988 - 07 : 09 : 36","Mon, 1st, 2012 - 07 : 10 : 39",Lakeland County,"pretium et, rutrum non, hendrerit id, ante. Nunc mauris sapien, cursus in, hendrerit consectetuer, cursus et,","118,007€"
Tallulah Blanchard,"Sat, 13th, 1999 - 09 : 03 : 30","Mon, 5th, 1999 - 01 : 07 : 46",Neu-Ulm,"enim mi tempor lorem, eget mollis lectus pede et risus. Quisque libero lacus, varius et, euismod et, commodo at, libero. Morbi accumsan laoreet","84,721€"
Shad Duke,"Sat, 23rd, 1980 - 10 : 02 : 28","Fri, 29th, 1999 - 03 : 10 : 31",Calamar,"lacus. Nulla tincidunt, neque vitae semper egestas, urna justo faucibus lectus, a sollicitudin orci sem eget massa. Suspendisse eleifend. Cras sed leo.","13,735€"
Kevin Scott,"Fri, 29th, 1988 - 01 : 01 : 58","Mon, 3rd, 2003 - 06 : 02 : 28",Graven Grez-Doiceau,"orci, adipiscing non, luctus sit amet, faucibus ut, nulla. Cras eu tellus eu augue porttitor interdum. Sed auctor odio a purus. Duis elementum,","199,547€"
Chloe Bruce,"Wed, 9th, 1977 - 05 : 02 : 50","Sun, 14th, 1996 - 04 : 01 : 34",Market Drayton,"mi lorem, vehicula et, rutrum eu, ultrices sit amet, risus. Donec nibh enim, gravida sit amet, dapibus id, blandit at, nisi. Cum sociis","190,833€"
Justin Rogers,"Sun, 25th, 1973 - 08 : 11 : 55","Mon, 28th, 2029 - 09 : 05 : 00",St. Thomas,"ullamcorper, velit in aliquet lobortis, nisi nibh lacinia orci, consectetuer euismod est arcu ac orci. Ut semper pretium neque. Morbi quis urna. Nunc quis arcu","180,887€"
Jonas Powell,"Sun, 18th, 1976 - 07 : 07 : 31","Sun, 19th, 2020 - 11 : 01 : 17",Belcarra,"mattis ornare, lectus ante dictum mi, ac mattis velit justo nec ante. Maecenas mi felis, adipiscing fringilla, porttitor vulputate, posuere vulputate, lacus.","195,550€"
Bree Berg,"Fri, 10th, 1995 - 12 : 11 : 45","Wed, 20th, 2030 - 02 : 11 : 25",Codigoro,"aliquet vel, vulputate eu, odio. Phasellus at augue id ante dictum cursus. Nunc mauris elit, dictum eu, eleifend nec, malesuada ut, sem. Nulla interdum.","172,179€"
Megan Burgess,"Wed, 26th, 1978 - 08 : 04 : 41","Tue, 26th, 2028 - 11 : 09 : 59",Pizzoferrato,Nam porttitor scelerisque neque. Nullam nisl. Maecenas malesuada fringilla est.,"87,751€"
Rhea Bowers,"Thu, 14th, 1989 - 11 : 09 : 40","Fri, 15th, 2015 - 11 : 05 : 57",Corbara,"adipiscing elit. Aliquam auctor, velit eget laoreet posuere, enim nisl elementum purus, accumsan","133,752€"
Emerald Reilly,"Sun, 25th, 1996 - 04 : 02 : 20","Sun, 8th, 1995 - 06 : 10 : 59",Rodez,fermentum fermentum arcu. Vestibulum ante ipsum primis in faucibus orci luctus,"176,987€"
Harlan Andrews,"Sat, 22nd, 1981 - 06 : 08 : 26","Thu, 18th, 2003 - 12 : 12 : 20",Mazatlán,"cubilia Curae; Donec tincidunt. Donec vitae erat vel pede blandit congue. In scelerisque scelerisque dui. Suspendisse ac metus vitae velit egestas lacinia. Sed congue, elit sed consequat auctor, nunc","182,304€"
Nora Lang,"Sat, 22nd, 1983 - 06 : 01 : 07","Tue, 2nd, 2013 - 03 : 07 : 54",Falciano del Massico,"Cum sociis natoque penatibus et magnis dis parturient montes, nascetur ridiculus mus. Aenean eget magna. Suspendisse tristique neque venenatis lacus. Etiam bibendum fermentum metus. Aenean sed pede nec ante","189,733€"
Omar Velez,"Sun, 17th, 1977 - 02 : 07 : 38","Tue, 20th, 2020 - 10 : 10 : 25",Springfield,"magna. Phasellus dolor elit, pellentesque a, facilisis non, bibendum sed, est. Nunc laoreet lectus quis massa. Mauris","42,230€"
Jena Cabrera,"Mon, 2nd, 1986 - 07 : 06 : 01","Mon, 13th, 2022 - 03 : 06 : 43",Boulogne-sur-Mer,condimentum. Donec at arcu. Vestibulum ante ipsum primis in faucibus orci luctus et ultrices posuere cubilia Curae;,"120,013€"
Tanek Gilmore,"Mon, 4th, 2001 - 07 : 06 : 53","Wed, 5th, 2029 - 06 : 12 : 46",Kidwelly,ligula. Nullam feugiat placerat velit. Quisque varius. Nam porttitor scelerisque neque. Nullam nisl. Maecenas malesuada fringilla,"50,126€"
Jeremy Gonzales,"Sat, 14th, 1992 - 12 : 03 : 04","Thu, 17th, 2026 - 04 : 12 : 35",Nova Iguaçu,"semper, dui lectus rutrum urna, nec luctus felis purus ac tellus. Suspendisse sed dolor. Fusce mi lorem, vehicula et, rutrum eu, ultrices sit amet, risus. Donec nibh enim,","87,418€"
Uriel Haley,"Tue, 20th, 1990 - 08 : 02 : 06","Thu, 29th, 2014 - 04 : 05 : 07",Katowice,"vitae, orci. Phasellus dapibus quam quis diam. Pellentesque habitant morbi tristique senectus et netus et malesuada fames ac turpis egestas. Fusce","195,259€"
Colton Santana,"Mon, 13th, 1992 - 06 : 07 : 40","Mon, 7th, 1994 - 07 : 11 : 10",Meridian,velit. Quisque varius. Nam porttitor scelerisque neque. Nullam nisl. Maecenas malesuada fringilla est. Mauris,"28,854€"
Jonah Mathis,"Sun, 9th, 2002 - 07 : 06 : 38","Tue, 18th, 2023 - 07 : 07 : 53",Narimanov,"Sed nec metus facilisis lorem tristique aliquet. Phasellus fermentum convallis ligula. Donec luctus aliquet odio. Etiam ligula tortor, dictum eu, placerat eget, venenatis a,","18,824€"
Gregory Stanton,"Wed, 14th, 2001 - 08 : 11 : 00","Wed, 12th, 1999 - 08 : 05 : 55",Yumbel,molestie dapibus ligula. Aliquam erat volutpat. Nulla dignissim. Maecenas ornare egestas ligula.,"16,036€"
Virginia Miles,"Tue, 30th, 1996 - 09 : 04 : 45","Sat, 21st, 2007 - 11 : 04 : 12",Pocatello,"mollis lectus pede et risus. Quisque libero lacus, varius et, euismod et, commodo at, libero. Morbi accumsan laoreet ipsum. Curabitur","182,671€"
Leo Gilliam,"Wed, 6th, 1974 - 09 : 11 : 37","Wed, 9th, 2009 - 07 : 09 : 01",Pirmasens,"Cras dictum ultricies ligula. Nullam enim. Sed nulla ante, iaculis nec, eleifend non, dapibus rutrum,","84,089€"
Alyssa Carroll,"Fri, 26th, 1986 - 03 : 12 : 16","Sat, 17th, 2021 - 02 : 07 : 25",Montignies-Saint-Christophe,"nunc. In at pede. Cras vulputate velit eu sem. Pellentesque ut ipsum ac mi eleifend egestas. Sed pharetra, felis","13,830€"
Erich Holmes,"Thu, 3rd, 1974 - 06 : 01 : 15","Sat, 28th, 2015 - 04 : 02 : 17",Caprino Bergamasco,"facilisis lorem tristique aliquet. Phasellus fermentum convallis ligula. Donec luctus aliquet odio. Etiam ligula tortor, dictum eu, placerat","140,287€"
Gillian Trevino,"Fri, 9th, 1999 - 10 : 04 : 47","Mon, 16th, 2001 - 10 : 04 : 19",Comblain-au-Pont,enim. Curabitur massa. Vestibulum accumsan neque et nunc. Quisque ornare tortor at risus. Nunc ac sem ut,"35,481€"
Imani English,"Sun, 17th, 1985 - 04 : 02 : 08","Mon, 24th, 2002 - 02 : 06 : 05",South Burlington,"elit, pellentesque a, facilisis non, bibendum sed, est. Nunc laoreet lectus quis massa. Mauris vestibulum, neque sed dictum eleifend, nunc risus varius","140,177€"
Marvin Alvarez,"Mon, 24th, 1977 - 05 : 10 : 21","Sat, 20th, 2006 - 05 : 05 : 42",Eisenstadt,"ante ipsum primis in faucibus orci luctus et ultrices posuere cubilia Curae; Phasellus ornare. Fusce mollis. Duis sit amet diam eu dolor egestas rhoncus. Proin nisl sem, consequat nec,","24,695€"
Daryl Reilly,"Fri, 15th, 1988 - 03 : 07 : 44","Tue, 20th, 2018 - 11 : 03 : 19",Shigar,in molestie tortor nibh sit amet orci. Ut sagittis lobortis mauris. Suspendisse aliquet molestie tellus.,"156,492€"
Kieran Pollard,"Mon, 20th, 1978 - 04 : 11 : 26","Sat, 15th, 2013 - 10 : 06 : 15",Rutigliano,sapien imperdiet ornare. In faucibus. Morbi vehicula. Pellentesque tincidunt tempus risus. Donec egestas. Duis ac arcu. Nunc mauris. Morbi non sapien,"59,538€"
Haley Hatfield,"Sun, 25th, 1993 - 09 : 04 : 34","Sun, 1st, 2009 - 09 : 03 : 51",Arras,"natoque penatibus et magnis dis parturient montes, nascetur ridiculus mus. Donec dignissim magna a tortor. Nunc commodo auctor velit. Aliquam nisl. Nulla eu neque pellentesque massa lobortis","52,022€"
Arden Moses,"Tue, 23rd, 1982 - 04 : 02 : 44","Tue, 1st, 2028 - 04 : 02 : 02",Eisden,"molestie orci tincidunt adipiscing. Mauris molestie pharetra nibh. Aliquam ornare, libero at auctor ullamcorper, nisl arcu iaculis enim, sit amet ornare lectus justo","95,577€"
Conan Galloway,"Mon, 20th, 1976 - 10 : 12 : 22","Sun, 12th, 1993 - 08 : 12 : 48",Anantapur,Cras pellentesque. Sed dictum. Proin eget odio. Aliquam vulputate ullamcorper magna. Sed eu eros.,"30,297€"
Aidan Rivera,"Sat, 2nd, 1998 - 12 : 05 : 12","Thu, 23rd, 2025 - 12 : 10 : 34",Paillaco,"Etiam imperdiet dictum magna. Ut tincidunt orci quis lectus. Nullam suscipit, est ac facilisis facilisis, magna tellus faucibus leo, in lobortis tellus justo sit amet","85,909€"
Buffy Mathews,"Mon, 29th, 2002 - 05 : 07 : 43","Wed, 2nd, 2025 - 09 : 07 : 21",Schore,"dictum eu, placerat eget, venenatis a, magna. Lorem ipsum dolor sit","15,146€"
Xenos Sweeney,"Fri, 27th, 1986 - 07 : 06 : 06","Mon, 20th, 2020 - 01 : 04 : 16",Harrison Hot Springs,"libero est, congue a, aliquet vel, vulputate eu, odio. Phasellus at augue id ante dictum cursus. Nunc mauris elit, dictum eu, eleifend nec, malesuada","39,076€"
Penelope Leblanc,"Sun, 24th, 1993 - 10 : 10 : 42","Thu, 6th, 2027 - 07 : 05 : 43",Ulhasnagar,"Donec consectetuer mauris id sapien. Cras dolor dolor, tempus non, lacinia at, iaculis","103,039€"
Cairo Hampton,"Fri, 24th, 1978 - 03 : 03 : 34","Mon, 23rd, 2030 - 06 : 12 : 12",Pogliano Milanese,Proin sed turpis nec mauris blandit mattis. Cras eget nisi dictum augue malesuada malesuada. Integer id magna et ipsum cursus vestibulum. Mauris magna. Duis,"75,696€"
Todd Orr,"Mon, 22nd, 1974 - 06 : 04 : 19","Thu, 26th, 2026 - 06 : 03 : 33",Pietrarubbia,"mi pede, nonummy ut, molestie in, tempus eu, ligula. Aenean euismod mauris eu elit. Nulla facilisi. Sed neque.","10,729€"
Moses Tran,"Sat, 27th, 1985 - 03 : 04 : 45","Wed, 5th, 2012 - 04 : 09 : 44",Halifax,"Etiam laoreet, libero et tristique pellentesque, tellus sem mollis dui, in sodales elit erat vitae risus. Duis a","151,556€"
Dean Pearson,"Thu, 15th, 1996 - 12 : 08 : 15","Sun, 31st, 1999 - 03 : 01 : 45",Rugby,"semper erat, in consectetuer ipsum nunc id enim. Curabitur massa. Vestibulum accumsan neque et nunc. Quisque ornare tortor at risus. Nunc ac","139,724€"
Lawrence Campos,"Sat, 21st, 1974 - 06 : 09 : 18","Mon, 4th, 2030 - 11 : 02 : 29",Glimes,magna. Cras convallis convallis dolor. Quisque tincidunt pede ac urna. Ut tincidunt vehicula risus. Nulla eget metus eu erat,"21,460€"
Rudyard Callahan,"Mon, 2nd, 2001 - 06 : 04 : 41","Sat, 29th, 2029 - 02 : 09 : 12",Zevekote,"varius ultrices, mauris ipsum porta elit, a feugiat tellus lorem eu metus. In lorem. Donec elementum, lorem ut aliquam iaculis, lacus pede","141,195€"
Kadeem Reeves,"Wed, 14th, 2000 - 09 : 06 : 56","Mon, 28th, 2021 - 03 : 06 : 59",Centa San Nicolò,vitae dolor. Donec fringilla. Donec feugiat metus sit amet ante. Vivamus non lorem vitae odio sagittis,"29,333€"
Jacob Lynch,"Thu, 25th, 1999 - 12 : 02 : 52","Mon, 16th, 2006 - 08 : 01 : 04",Piotrków Trybunalski,"nec, euismod in, dolor. Fusce feugiat. Lorem ipsum dolor sit amet, consectetuer","195,157€"
Darius Ayers,"Wed, 21st, 1987 - 10 : 01 : 28","Sun, 5th, 2024 - 02 : 05 : 13",Barahanagar,"tortor, dictum eu, placerat eget, venenatis a, magna. Lorem ipsum dolor sit amet, consectetuer adipiscing elit. Etiam laoreet, libero et tristique","64,854€"
Harrison Dennis,"Wed, 23rd, 1999 - 01 : 06 : 46","Fri, 14th, 2022 - 12 : 01 : 35",Graven Grez-Doiceau,"Donec est mauris, rhoncus id, mollis nec, cursus a, enim. Suspendisse aliquet, sem ut cursus luctus, ipsum leo elementum sem, vitae aliquam eros turpis non enim. Mauris quis turpis vitae","69,452€"
Thaddeus Howe,"Fri, 9th, 1979 - 02 : 02 : 38","Sun, 18th, 2023 - 08 : 06 : 32",Kediri,"Nulla eget metus eu erat semper rutrum. Fusce dolor quam, elementum","80,902€"
Latifah Nunez,"Sun, 29th, 1980 - 06 : 06 : 35","Sun, 26th, 1997 - 01 : 10 : 52",Londerzeel,Sed eu eros. Nam consequat dolor vitae dolor. Donec fringilla.,"34,183€"
Beverly Harrington,"Fri, 17th, 2003 - 02 : 01 : 33","Sun, 13th, 2017 - 04 : 08 : 31",Sacheon,"metus. Vivamus euismod urna. Nullam lobortis quam a felis ullamcorper viverra. Maecenas iaculis aliquet diam. Sed diam lorem, auctor quis, tristique ac, eleifend vitae, erat. Vivamus","94,433€"
Rowan Berry,"Mon, 4th, 1976 - 04 : 10 : 58","Wed, 23rd, 2028 - 06 : 08 : 19",Manfredonia,"congue. In scelerisque scelerisque dui. Suspendisse ac metus vitae velit egestas lacinia. Sed congue, elit sed consequat","122,418€"
Veda Hutchinson,"Tue, 15th, 1989 - 12 : 08 : 39","Thu, 25th, 2001 - 06 : 10 : 36",Qu�bec City,"accumsan sed, facilisis vitae, orci. Phasellus dapibus quam quis diam. Pellentesque habitant morbi tristique senectus et netus","130,148€"
Grace Powers,"Sun, 3rd, 1989 - 05 : 09 : 51","Sun, 15th, 2004 - 10 : 02 : 47",Springfield,"egestas. Sed pharetra, felis eget varius ultrices, mauris ipsum porta elit,","27,822€"
Liberty Haney,"Sat, 16th, 1999 - 08 : 10 : 24","Tue, 8th, 2011 - 08 : 11 : 24",Villafalletto,"eget, venenatis a, magna. Lorem ipsum dolor sit amet, consectetuer adipiscing elit. Etiam","75,455€"
Madonna Chan,"Sun, 6th, 1974 - 12 : 10 : 39","Mon, 2nd, 2018 - 03 : 07 : 55",Gravelbourg,fermentum fermentum arcu. Vestibulum ante ipsum primis in faucibus orci luctus et ultrices posuere cubilia Curae; Phasellus ornare. Fusce mollis. Duis sit amet diam eu dolor,"96,195€"
Chaim Bass,"Sat, 8th, 1983 - 02 : 01 : 19","Sun, 8th, 2017 - 10 : 10 : 38",Quilicura,"augue id ante dictum cursus. Nunc mauris elit, dictum eu, eleifend nec, malesuada ut, sem. Nulla","24,942€"
Kim Bennett,"Wed, 12th, 1983 - 08 : 01 : 28","Sun, 26th, 2006 - 11 : 11 : 39",Biggleswade,"dapibus id, blandit at, nisi. Cum sociis natoque penatibus et magnis dis","48,276€"
Harper Poole,"Thu, 6th, 1979 - 11 : 09 : 21","Sun, 14th, 1999 - 03 : 03 : 24",Fort McPherson,"gravida sit amet, dapibus id, blandit at, nisi. Cum sociis","18,572€"
Isaac Houston,"Sun, 10th, 1979 - 07 : 06 : 45","Sat, 13th, 2008 - 01 : 12 : 07",Moorsel,"dictum. Phasellus in felis. Nulla tempor augue ac ipsum. Phasellus vitae mauris sit amet lorem semper auctor. Mauris vel turpis. Aliquam adipiscing lobortis risus. In mi pede,","116,968€"
Signe Petty,"Sun, 19th, 1995 - 11 : 02 : 00","Sat, 17th, 2011 - 04 : 12 : 46",Chandrapur,"Sed nec metus facilisis lorem tristique aliquet. Phasellus fermentum convallis ligula. Donec luctus aliquet odio. Etiam ligula tortor, dictum eu, placerat eget, venenatis a, magna. Lorem ipsum","155,909€"
Myles Mercado,"Thu, 23rd, 1995 - 12 : 02 : 13","Thu, 23rd, 1996 - 01 : 05 : 19",Broken Arrow,mauris eu elit. Nulla facilisi. Sed neque. Sed eget lacus. Mauris non dui,"107,060€"
Barclay Wade,"Mon, 15th, 1996 - 06 : 01 : 21","Sun, 24th, 2009 - 07 : 05 : 26",Limón (Puerto Limón),"lobortis, nisi nibh lacinia orci, consectetuer euismod est arcu ac orci.","16,671€"
Xanthus Carter,"Wed, 19th, 1978 - 07 : 04 : 09","Fri, 26th, 2029 - 05 : 01 : 33",Montelupo Fiorentino,"tempus risus. Donec egestas. Duis ac arcu. Nunc mauris. Morbi non sapien molestie orci tincidunt adipiscing. Mauris molestie pharetra nibh. Aliquam ornare, libero at auctor ullamcorper, nisl arcu iaculis enim,","82,262€"
Karleigh Jackson,"Tue, 11th, 1984 - 04 : 12 : 39","Thu, 16th, 2006 - 01 : 11 : 45",Stroitel,"dis parturient montes, nascetur ridiculus mus. Donec dignissim magna a tortor. Nunc commodo auctor velit. Aliquam nisl. Nulla eu neque pellentesque massa","194,575€"
Duncan Whitaker,"Sat, 1st, 2000 - 12 : 07 : 28","Fri, 1st, 1999 - 01 : 10 : 21",North Las Vegas,at arcu. Vestibulum ante ipsum primis in faucibus orci luctus et ultrices posuere cubilia Curae; Donec tincidunt. Donec vitae erat vel pede blandit congue.,"47,144€"
Igor Byers,"Mon, 11th, 1985 - 08 : 03 : 44","Sat, 17th, 1995 - 01 : 06 : 07",Ránquil,"augue id ante dictum cursus. Nunc mauris elit, dictum eu, eleifend nec, malesuada ut, sem. Nulla interdum. Curabitur dictum. Phasellus in","141,879€"
Leonard Graves,"Mon, 6th, 1978 - 07 : 11 : 29","Sun, 17th, 2028 - 06 : 12 : 58",Irricana,tincidunt congue turpis. In condimentum. Donec at arcu. Vestibulum ante ipsum primis in faucibus orci luctus et ultrices posuere cubilia Curae; Donec tincidunt. Donec vitae,"120,997€"
Winifred Sloan,"Wed, 20th, 1982 - 06 : 01 : 52","Mon, 30th, 2005 - 05 : 05 : 54",Ziarat,cubilia Curae; Donec tincidunt. Donec vitae erat vel pede blandit congue. In scelerisque scelerisque dui. Suspendisse ac metus vitae,"50,342€"
Blossom Wong,"Fri, 11th, 1979 - 09 : 05 : 03","Tue, 4th, 2011 - 02 : 01 : 40",Villers-sur-Semois,"rhoncus. Donec est. Nunc ullamcorper, velit in aliquet lobortis, nisi nibh lacinia orci, consectetuer euismod est arcu ac orci. Ut semper pretium neque. Morbi quis urna. Nunc","105,941€"
Jada Ashley,"Mon, 10th, 1980 - 01 : 03 : 45","Sun, 1st, 1993 - 09 : 08 : 26",Kapiti,"tempus scelerisque, lorem ipsum sodales purus, in molestie tortor nibh sit amet orci. Ut","111,368€"
Zelenia Holland,"Mon, 3rd, 1986 - 07 : 11 : 08","Wed, 3rd, 2013 - 07 : 07 : 45",Brusson,"id, ante. Nunc mauris sapien, cursus in, hendrerit consectetuer, cursus et, magna. Praesent","29,169€"
Sigourney Lowe,"Wed, 8th, 1984 - 06 : 08 : 54","Sat, 10th, 2012 - 05 : 03 : 07",Thuin,"semper, dui lectus rutrum urna, nec luctus felis purus ac tellus. Suspendisse sed dolor. Fusce mi lorem, vehicula et, rutrum eu,","90,929€"
Valentine Owens,"Sun, 26th, 1978 - 10 : 03 : 15","Fri, 26th, 2021 - 06 : 02 : 08",Erode,"penatibus et magnis dis parturient montes, nascetur ridiculus mus. Proin vel nisl. Quisque fringilla euismod enim. Etiam gravida molestie arcu. Sed eu nibh vulputate mauris sagittis placerat. Cras dictum ultricies","190,569€"
Gil Foley,"Sun, 31st, 1985 - 01 : 03 : 23","Thu, 27th, 2005 - 06 : 01 : 07",Avigliano Umbro,"nulla. Integer vulputate, risus a ultricies adipiscing, enim mi tempor lorem, eget mollis lectus pede","79,938€"
Kato Barrett,"Mon, 30th, 1984 - 03 : 04 : 33","Sun, 5th, 2014 - 02 : 10 : 45",Waarmaarde,"Aenean gravida nunc sed pede. Cum sociis natoque penatibus et magnis dis parturient montes, nascetur ridiculus mus. Proin vel arcu eu odio","71,876€"
Myles Glass,"Sun, 23rd, 1986 - 06 : 02 : 08","Wed, 28th, 1994 - 04 : 12 : 15",St. Neots,"ante lectus convallis est, vitae sodales nisi magna sed dui. Fusce aliquam, enim nec tempus scelerisque, lorem ipsum sodales purus, in molestie","145,182€"
Adrienne Dickson,"Fri, 23rd, 1999 - 01 : 04 : 06","Fri, 16th, 2005 - 02 : 12 : 35",Petacciato,"ante. Vivamus non lorem vitae odio sagittis semper. Nam tempor diam dictum sapien. Aenean massa. Integer vitae nibh. Donec est mauris, rhoncus id, mollis nec, cursus a,","17,137€"
Hall Delgado,"Tue, 1st, 1977 - 03 : 03 : 13","Wed, 2nd, 2020 - 03 : 09 : 30",Lithgow,"Quisque porttitor eros nec tellus. Nunc lectus pede, ultrices a, auctor non, feugiat nec, diam. Duis mi enim, condimentum eget, volutpat","11,674€"
Beverly Parks,"Tue, 18th, 1989 - 03 : 04 : 05","Thu, 11th, 2016 - 03 : 08 : 20",Waarmaarde,"blandit viverra. Donec tempus, lorem fringilla ornare placerat, orci lacus vestibulum lorem, sit amet ultricies sem magna nec quam. Curabitur vel lectus. Cum sociis natoque penatibus et","175,955€"
Erica Hartman,"Fri, 20th, 1985 - 07 : 09 : 32","Sun, 9th, 2002 - 12 : 06 : 37",Rocourt,commodo auctor velit. Aliquam nisl. Nulla eu neque pellentesque massa lobortis ultrices. Vivamus rhoncus. Donec,"187,291€"
Kelsie Hays,"Sat, 12th, 1981 - 12 : 12 : 22","Tue, 11th, 2026 - 06 : 08 : 27",Rae-Edzo,"ultricies ornare, elit elit fermentum risus, at fringilla purus mauris a","16,621€"
Helen Callahan,"Sat, 22nd, 2000 - 07 : 04 : 42","Mon, 22nd, 1992 - 03 : 06 : 03",Elingen,"mi enim, condimentum eget, volutpat ornare, facilisis eget, ipsum. Donec sollicitudin adipiscing ligula. Aenean gravida nunc sed pede. Cum sociis natoque penatibus et magnis dis parturient montes, nascetur ridiculus mus.","56,651€"
Ronan Hall,"Sun, 9th, 2000 - 09 : 07 : 36","Mon, 4th, 2026 - 12 : 05 : 11",Chartres,"Morbi metus. Vivamus euismod urna. Nullam lobortis quam a felis ullamcorper viverra. Maecenas iaculis aliquet diam. Sed diam lorem,","136,786€"
Devin Stephens,"Wed, 11th, 1995 - 03 : 10 : 36","Fri, 25th, 2025 - 12 : 04 : 27",Lörrach,"egestas rhoncus. Proin nisl sem, consequat nec, mollis vitae, posuere at, velit. Cras lorem lorem, luctus ut, pellentesque eget, dictum placerat, augue. Sed molestie. Sed id risus","69,652€"
Dorothy Vega,"Thu, 8th, 1996 - 07 : 08 : 14","Wed, 31st, 2007 - 01 : 10 : 06",Zwettl-Niederösterreich,arcu. Aliquam ultrices iaculis odio. Nam interdum enim non nisi. Aenean,"182,947€"
Elaine Mclaughlin,"Mon, 15th, 1984 - 04 : 10 : 52","Mon, 27th, 2007 - 11 : 08 : 42",Bregenz,"feugiat metus sit amet ante. Vivamus non lorem vitae odio sagittis semper. Nam tempor diam dictum sapien. Aenean massa. Integer vitae nibh. Donec est mauris, rhoncus id,","164,433€"
Colt Lynch,"Mon, 16th, 1984 - 01 : 04 : 19","Wed, 11th, 2030 - 02 : 09 : 08",Leoben,ultrices posuere cubilia Curae; Donec tincidunt. Donec vitae erat vel pede blandit congue. In scelerisque scelerisque dui. Suspendisse ac metus vitae velit,"132,639€"
Brady Joseph,"Thu, 22nd, 1975 - 10 : 05 : 49","Fri, 26th, 2027 - 08 : 03 : 06",Hudson Bay,"non leo. Vivamus nibh dolor, nonummy ac, feugiat non, lobortis quis, pede. Suspendisse dui. Fusce diam nunc, ullamcorper eu, euismod","5,649€"
Nadine Wilkinson,"Thu, 11th, 1978 - 10 : 05 : 11","Thu, 5th, 2010 - 06 : 08 : 47",Abbateggio,"massa. Integer vitae nibh. Donec est mauris, rhoncus id, mollis nec, cursus a, enim. Suspendisse aliquet, sem ut cursus luctus, ipsum leo elementum sem, vitae aliquam eros turpis non","102,135€"
Finn Solomon,"Tue, 7th, 1987 - 05 : 07 : 40","Mon, 17th, 2007 - 08 : 09 : 44",San Clemente,"in sodales elit erat vitae risus. Duis a mi fringilla mi lacinia mattis. Integer eu lacus. Quisque imperdiet, erat nonummy","73,974€"
Benedict Spence,"Fri, 29th, 1995 - 09 : 12 : 04","Wed, 26th, 2011 - 02 : 01 : 04",Grey County,"mi, ac mattis velit justo nec ante. Maecenas mi felis,","138,370€"
Hadley Best,"Thu, 4th, 1988 - 10 : 08 : 27","Fri, 22nd, 2013 - 04 : 03 : 03",Butte,"placerat, orci lacus vestibulum lorem, sit amet ultricies sem magna nec quam.","72,567€"
Lareina Jackson,"Thu, 22nd, 1985 - 06 : 08 : 30","Thu, 8th, 2021 - 03 : 04 : 45",Watson Lake,"Vivamus euismod urna. Nullam lobortis quam a felis ullamcorper viverra. Maecenas iaculis aliquet diam. Sed diam lorem, auctor quis, tristique ac, eleifend vitae, erat. Vivamus nisi. Mauris","191,083€"
Brian Haynes,"Sun, 31st, 1977 - 01 : 07 : 15","Sun, 9th, 2013 - 08 : 06 : 12",Bodmin,"libero. Morbi accumsan laoreet ipsum. Curabitur consequat, lectus sit amet","131,600€"
Liberty Perry,"Sun, 17th, 1995 - 01 : 12 : 24","Wed, 22nd, 2015 - 06 : 07 : 05",Pagazzano,"penatibus et magnis dis parturient montes, nascetur ridiculus mus. Donec dignissim magna a tortor. Nunc commodo auctor velit. Aliquam nisl. Nulla eu neque pellentesque massa lobortis ultrices. Vivamus","77,401€"
Perry Church,"Tue, 22nd, 1994 - 08 : 02 : 33","Sun, 11th, 1992 - 12 : 10 : 09",San Mauro Cilento,"enim. Etiam imperdiet dictum magna. Ut tincidunt orci quis lectus. Nullam suscipit, est ac facilisis facilisis, magna tellus faucibus leo, in","125,869€"
Deacon Smith,"Mon, 13th, 2003 - 01 : 01 : 56","Mon, 3rd, 2008 - 09 : 11 : 34",Sargodha,"adipiscing, enim mi tempor lorem, eget mollis lectus pede et risus. Quisque libero lacus, varius et, euismod et, commodo at, libero. Morbi","118,592€"
Grady Rhodes,"Wed, 12th, 1975 - 06 : 11 : 43","Sat, 27th, 2013 - 03 : 04 : 31",Zele,"nibh. Phasellus nulla. Integer vulputate, risus a ultricies adipiscing, enim mi","178,022€"
Marah Mejia,"Thu, 28th, 1987 - 06 : 05 : 44","Fri, 25th, 2007 - 12 : 05 : 28",Laarne,"feugiat tellus lorem eu metus. In lorem. Donec elementum, lorem ut aliquam iaculis, lacus pede sagittis augue, eu tempor erat neque non quam. Pellentesque habitant morbi tristique senectus et netus","196,166€"
Hadley Butler,"Wed, 19th, 1998 - 02 : 08 : 03","Mon, 1st, 2010 - 11 : 03 : 00",Molenbeersel,"hendrerit neque. In ornare sagittis felis. Donec tempor, est ac mattis semper, dui lectus rutrum urna, nec luctus felis","51,750€"
Sydney Guerra,"Sat, 6th, 1984 - 01 : 10 : 30","Sat, 6th, 2027 - 03 : 11 : 35",Rechnitz,Suspendisse aliquet molestie tellus. Aenean egestas hendrerit neque. In ornare,"54,521€"
Sonya Burks,"Mon, 13th, 1987 - 06 : 04 : 04","Sat, 15th, 1994 - 09 : 01 : 51",Catemu,"vitae, sodales at, velit. Pellentesque ultricies dignissim lacus. Aliquam rutrum lorem ac risus. Morbi metus. Vivamus euismod urna. Nullam lobortis quam a felis ullamcorper viverra. Maecenas iaculis","99,608€"
Cyrus Terry,"Thu, 3rd, 1994 - 01 : 03 : 47","Sat, 4th, 2012 - 05 : 08 : 31",Morro Reatino,"dolor, tempus non, lacinia at, iaculis quis, pede. Praesent eu dui. Cum sociis natoque penatibus et magnis dis parturient montes, nascetur ridiculus mus. Aenean eget magna.","194,015€"
Dexter Tanner,"Thu, 7th, 1987 - 12 : 05 : 08","Sat, 6th, 2012 - 11 : 10 : 29",Völklingen,"tellus non magna. Nam ligula elit, pretium et, rutrum non, hendrerit id, ante. Nunc mauris sapien, cursus","67,843€"
Kyra Stephens,"Sat, 29th, 1993 - 09 : 05 : 16","Sat, 25th, 2016 - 02 : 06 : 15",Montebelluna,"non lorem vitae odio sagittis semper. Nam tempor diam dictum sapien. Aenean massa. Integer vitae nibh. Donec est mauris, rhoncus id, mollis nec, cursus a,","87,392€"
Clark Fuentes,"Fri, 18th, 1986 - 05 : 04 : 59","Tue, 26th, 2007 - 09 : 06 : 52",Ramsdonk,"sapien. Nunc pulvinar arcu et pede. Nunc sed orci lobortis augue scelerisque mollis. Phasellus libero mauris, aliquam eu, accumsan sed, facilisis","154,211€"
Price Hester,"Thu, 4th, 1977 - 06 : 08 : 23","Wed, 3rd, 2018 - 06 : 10 : 10",Balvano,"ornare lectus justo eu arcu. Morbi sit amet massa. Quisque porttitor eros nec tellus. Nunc lectus pede, ultrices a, auctor non, feugiat nec, diam. Duis mi enim, condimentum","101,236€"
Nash Weeks,"Sat, 6th, 1994 - 11 : 08 : 08","Sat, 20th, 2018 - 10 : 10 : 25",Carson City,"felis. Donec tempor, est ac mattis semper, dui lectus rutrum urna, nec luctus felis purus ac tellus. Suspendisse sed dolor.","78,841€"
Arthur Harding,"Sat, 15th, 2000 - 06 : 04 : 17","Sat, 17th, 2018 - 10 : 11 : 36",Emarèse,"arcu. Curabitur ut odio vel est tempor bibendum. Donec felis orci, adipiscing","104,653€"
Blaine Mcdowell,"Mon, 24th, 1977 - 01 : 10 : 20","Sat, 6th, 2011 - 10 : 08 : 35",Irvine,"nonummy ut, molestie in, tempus eu, ligula. Aenean euismod mauris eu elit. Nulla facilisi. Sed neque. Sed","188,811€"
Axel Madden,"Fri, 28th, 2002 - 01 : 06 : 23","Wed, 3rd, 2024 - 08 : 07 : 17",Empedrado,"fringilla purus mauris a nunc. In at pede. Cras vulputate velit eu sem. Pellentesque ut ipsum ac mi eleifend egestas. Sed pharetra, felis eget varius ultrices,","106,494€"
Raphael Whitley,"Thu, 22nd, 1998 - 04 : 01 : 04","Tue, 25th, 2029 - 12 : 09 : 59",Sirsa,Quisque nonummy ipsum non arcu. Vivamus sit amet risus. Donec egestas. Aliquam,"167,977€"
Oliver Melendez,"Sun, 16th, 1980 - 11 : 03 : 45","Sat, 15th, 1992 - 12 : 08 : 42",Villa Verde,"Vivamus non lorem vitae odio sagittis semper. Nam tempor diam dictum sapien. Aenean massa. Integer vitae nibh. Donec est mauris, rhoncus id, mollis nec, cursus a, enim. Suspendisse aliquet,","14,796€"
Jermaine Walton,"Sat, 6th, 1979 - 02 : 10 : 16","Tue, 4th, 2008 - 06 : 11 : 42",Spittal an der Drau,"erat nonummy ultricies ornare, elit elit fermentum risus, at fringilla purus mauris","123,549€"
Clayton Weiss,"Tue, 23rd, 2001 - 03 : 01 : 18","Thu, 23rd, 1998 - 08 : 04 : 43",Cromer,"dui, semper et, lacinia vitae, sodales at, velit. Pellentesque ultricies dignissim lacus. Aliquam rutrum lorem ac risus. Morbi metus. Vivamus euismod urna. Nullam lobortis","52,906€"
Zorita Jensen,"Fri, 14th, 2000 - 07 : 07 : 34","Fri, 20th, 2007 - 12 : 04 : 43",Geest-GŽrompont-Petit-RosiŽre,orci luctus et ultrices posuere cubilia Curae; Phasellus ornare. Fusce mollis. Duis sit amet diam eu dolor egestas rhoncus. Proin nisl,"51,070€"